"","Fold Change","log2(FC)"
"340.081_77.8",0.0087132,-6.8426
"270.3972_105.5",0.010494,-6.5743
"229.1006_29.8",88.188,6.4625
"194.0224_53.2",0.011629,-6.4262
"213.1235_66.6",50.959,5.6713
"573.4519_25.5",0.020018,-5.6426
"479.3246_25",0.02051,-5.6075
"492.8899_72.9",0.020843,-5.5843
"323.1675_91.6",0.02106,-5.5694
"245.1688_104",47.146,5.5591
"595.7749_122.6",46.092,5.5264
"989.6582_39.6",0.023818,-5.3918
"339.9398_75.4",39.413,5.3006
"618.0971_99.2",0.025898,-5.271
"593.6633_291.4",0.027454,-5.1869
"340.3938_24.6",0.028432,-5.1364
"231.1897_44.2",33.774,5.0778
"246.1281_41.2",0.030186,-5.05
"366.923_62.1",0.034246,-4.8679
"195.0741_87.5",28.614,4.8386
"646.1289_86.4",27.255,4.7685
"302.15_37.6",27.055,4.7578
"96.7264_102.9",0.038053,-4.7158
"261.1235_30.5",24.014,4.5858
"145.0318_46",0.044412,-4.4929
"635.3394_42.8",21.802,4.4464
"245.1286_28.9",20.859,4.3826
"723.3578_94.5",20.777,4.3769
"466.2292_88.1",0.048527,-4.3651
"550.1998_115.3",19.215,4.2642
"693.5639_33.9",0.052629,-4.248
"614.5719_53.2",0.054497,-4.1977
"488.1687_44",0.058422,-4.0973
"506.7728_84.3",0.058786,-4.0884
"735.6564_22.7",0.061856,-4.0149
"145.1336_30.3",16.121,4.0108
"273.0742_41.5",15.955,3.9959
"175.0342_30",15.44,3.9486
"607.3822_40.4",0.064987,-3.9437
"231.1678_30.1",0.065229,-3.9383
"481.1365_40.1",15.291,3.9346
"272.1717_96.1",15.074,3.914
"113.4992_166.6",0.067851,-3.8815
"478.6109_57.3",0.069166,-3.8538
"419.0363_96.5",14.429,3.8509
"230.1864_47.6",14.367,3.8447
"1087.8045_97.9",14.259,3.8338
"182.058_62.9",0.07041,-3.8281
"149.0564_25.9",13.97,3.8042
"557.3656_30.1",0.072113,-3.7936
"329.9238_76.2",0.072226,-3.7913
"376.2268_28.8",0.072236,-3.7911
"154.0377_43.7",13.832,3.79
"454.9557_73.2",13.502,3.7551
"763.5924_35.4",0.075393,-3.7294
"210.0611_53",0.077195,-3.6954
"229.1548_42.5",12.909,3.6904
"647.4134_27.1",0.077602,-3.6878
"276.0844_37.4",12.748,3.6722
"263.6585_292.5",0.079509,-3.6527
"511.1743_98.7",12.081,3.5946
"227.1026_40.2",12.058,3.5919
"217.5724_102.5",11.558,3.5308
"343.9594_53.1",0.087304,-3.5178
"397.9369_70.1",11.389,3.5095
"321.0585_96.1",11.381,3.5086
"173.0921_86.3",11.323,3.5012
"163.5948_95.7",0.088722,-3.4946
"600.3141_44.7",0.089217,-3.4865
"363.8584_19.5",0.089427,-3.4831
"264.087_118.2",0.089482,-3.4823
"586.7869_85.6",0.09041,-3.4674
"560.7446_119.6",0.091331,-3.4528
"915.4578_25",0.091412,-3.4515
"188.0352_83.1",0.091601,-3.4485
"255.6553_65.6",0.092974,-3.427
"390.863_46.3",0.093262,-3.4226
"369.1615_59.2",10.707,3.4204
"375.8326_49.7",0.094618,-3.4017
"397.1972_37.2",0.094619,-3.4017
"216.6445_95.5",0.094835,-3.3984
"665.2445_26.6",0.095217,-3.3926
"336.0479_208.5",10.411,3.38
"122.0689_64.3",10.247,3.3571
"487.8437_69.8",10.24,3.3562
"193.1189_19.2",10.189,3.3489
"478.1259_39.8",10.134,3.3411
"361.1503_80.9",0.098938,-3.3373
"544.7219_48.8",0.098975,-3.3368
"718.5316_37.2",9.9894,3.3204
"641.4601_27.9",0.10094,-3.3085
"159.1493_23.2",9.8024,3.2931
"171.5818_76.4",0.10222,-3.2903
"229.6398_83.5",0.10232,-3.2888
"276.1077_31.1",9.716,3.2804
"280.962_67.7",0.10378,-3.2684
"289.2063_89.6",0.10387,-3.2672
"383.2191_26.4",0.10441,-3.2597
"989.8294_98.3",9.3915,3.2314
"455.2136_39.4",9.3797,3.2295
"331.234_94.6",0.10772,-3.2146
"298.0886_37.7",9.2805,3.2142
"867.012_59.2",0.10862,-3.2026
"113.5868_100.1",9.1468,3.1933
"254.1597_31.6",8.999,3.1698
"572.1826_116.2",0.11321,-3.1429
"326.1823_93.7",0.11498,-3.1205
"196.6107_124.2",0.11808,-3.0821
"294.1111_120.8",0.11865,-3.0752
"739.5109_29.6",0.12124,-3.0441
"293.1893_89.6",0.12228,-3.0318
"439.2922_34.8",8.0866,3.0155
"684.4659_40.1",0.12383,-3.0136
"349.1108_73.1",0.12401,-3.0115
"1176.7792_29.4",0.12407,-3.0107
"625.2015_92",0.12438,-3.0072
"387.908_70.1",7.9713,2.9948
"273.0842_41.8",7.9668,2.994
"253.6259_119.3",7.839,2.9707
"180.1181_285.7",0.1287,-2.9579
"738.4326_49.1",0.12878,-2.957
"230.1581_50.1",7.7615,2.9563
"693.5272_33.8",0.12887,-2.956
"392.147_45.8",0.12969,-2.9469
"559.345_31.3",0.1311,-2.9312
"202.1187_47.1",7.6065,2.9272
"269.1438_42.4",0.13186,-2.9229
"743.6759_124",7.5719,2.9207
"146.1369_38.2",7.5556,2.9175
"295.0664_41.8",7.434,2.8941
"304.9738_19.2",0.13526,-2.8862
"258.1506_66.1",7.3785,2.8833
"187.1078_71.5",7.3675,2.8812
"253.1294_96.5",7.3392,2.8756
"190.0713_30.4",7.3055,2.869
"701.5561_34.9",7.2446,2.8569
"343.0468_65.6",7.2084,2.8497
"166.1212_98",0.13912,-2.8456
"608.1747_84.8",7.0908,2.826
"498.3288_32.1",7.048,2.8172
"529.9196_85.1",6.9392,2.7948
"390.2093_127.6",0.14452,-2.7906
"149.5301_135.3",0.14472,-2.7886
"220.03_60.6",6.8663,2.7795
"343.1301_29.8",6.8574,2.7777
"302.1823_102.8",0.14635,-2.7725
"592.3206_27.8",0.14724,-2.7638
"798.5642_30.7",0.14738,-2.7624
"952.1737_87.4",6.706,2.7454
"433.9946_97.7",6.6766,2.7391
"272.2948_27",0.15011,-2.7359
"534.7159_63.2",0.15034,-2.7337
"1138.8709_95.9",0.15054,-2.7318
"371.9084_60.5",0.15072,-2.7301
"530.3553_30.3",0.15212,-2.7167
"309.0914_225.3",0.1522,-2.7159
"212.0528_35",6.5277,2.7066
"177.1004_89.3",0.15571,-2.683
"215.1391_40.9",6.4103,2.6804
"1132.4568_48.1",0.15658,-2.675
"189.4881_197.9",0.15678,-2.6732
"582.6471_55.5",0.15719,-2.6694
"477.963_98",6.3401,2.6645
"251.1503_37.5",6.3329,2.6629
"247.111_36.5",6.3288,2.6619
"564.9714_66.3",6.2361,2.6406
"197.1285_23.7",6.2324,2.6398
"704.9621_58.9",6.2279,2.6388
"224.119_123.4",0.16147,-2.6306
"615.4089_29.9",0.16173,-2.6283
"355.046_76.4",6.1677,2.6247
"164.1168_68",6.1001,2.6088
"540.4263_24.9",6.076,2.6031
"593.4791_25.3",6.068,2.6012
"385.9109_70.1",6.0072,2.5867
"235.1189_44.5",5.9942,2.5836
"157.0608_77",5.9847,2.5813
"689.89_98.5",5.8913,2.5586
"226.0032_169.7",5.8509,2.5486
"885.5488_40.5",0.17231,-2.5369
"154.0578_131.8",5.8011,2.5363
"244.1657_99.5",5.7282,2.5181
"135.0634_19.3",0.17507,-2.514
"441.9245_73.7",0.17554,-2.5101
"690.508_30.9",5.6602,2.5009
"203.6276_263.7",0.17745,-2.4945
"734.5591_43.1",5.6272,2.4924
"334.1798_33.2",0.17777,-2.4919
"371.1134_107",5.6037,2.4864
"345.2247_93.9",0.17863,-2.485
"244.6628_85.6",0.17992,-2.4745
"392.8613_46.3",0.17994,-2.4744
"623.3156_25.6",0.18107,-2.4654
"367.1395_125.6",5.4848,2.4555
"640.215_107.8",0.18313,-2.449
"370.9947_70.9",5.4362,2.4426
"182.1031_125.7",0.18494,-2.4349
"432.9521_89.2",0.18497,-2.4346
"366.8615_84.7",0.18725,-2.417
"921.8242_83.1",5.3323,2.4148
"164.0921_35.4",5.3042,2.4071
"190.138_97.4",5.2999,2.406
"161.1366_38.8",5.2892,2.403
"236.0918_31.3",5.2829,2.4013
"480.7053_64.4",0.18947,-2.4
"443.9219_62.4",0.18951,-2.3996
"319.9201_70.1",5.2633,2.396
"188.1758_89.4",5.2443,2.3908
"561.0582_92.5",0.19119,-2.3869
"113.0527_126.1",5.2277,2.3862
"338.2406_26.4",0.19157,-2.3841
"347.0523_45",5.2028,2.3793
"802.5953_31.2",0.19228,-2.3787
"245.9494_74.4",0.19247,-2.3773
"376.3692_24.9",0.19248,-2.3773
"336.2247_26.1",0.1934,-2.3704
"202.9972_143.9",5.1697,2.3701
"741.5254_30.1",5.149,2.3643
"138.0526_62.1",5.142,2.3623
"153.041_48.2",5.1379,2.3612
"310.173_29.9",0.19472,-2.3606
"667.1087_87.6",5.1338,2.36
"855.3134_65.2",0.19573,-2.353
"976.4565_25.1",0.19577,-2.3528
"499.9451_97.9",5.1069,2.3524
"276.119_99.4",5.0999,2.3505
"338.2171_19.2",0.19609,-2.3504
"100.0869_105.5",5.0667,2.3411
"536.3416_30.2",0.19755,-2.3397
"181.0066_74.2",0.19815,-2.3353
"231.9936_45.2",0.19847,-2.333
"173.6079_127.1",0.19868,-2.3315
"270.0913_45.8",5.0067,2.3239
"218.0788_30.5",5.0039,2.323
"251.1733_94.5",0.20075,-2.3166
"331.1972_41.1",0.20096,-2.315
"526.3609_21",4.9396,2.3044
"203.1061_32.4",4.9373,2.3037
"329.9729_62.6",4.9251,2.3001
"400.5509_264",4.8917,2.2903
"396.1056_126.9",4.8902,2.2899
"338.2051_28.6",0.20513,-2.2854
"649.219_250.2",0.20516,-2.2852
"191.9824_63",4.8697,2.2838
"431.119_99.3",4.8675,2.2832
"363.1987_127.1",0.20576,-2.281
"322.1428_97.6",0.20594,-2.2797
"380.2523_28.8",0.20693,-2.2728
"171.0765_79.1",4.8195,2.2689
"902.98_59.6",0.20813,-2.2645
"223.9722_75.4",4.7368,2.2439
"352.2205_27.8",0.21139,-2.242
"362.211_29.9",0.21163,-2.2404
"408.2496_31.1",0.21217,-2.2367
"828.866_81.8",0.21259,-2.2338
"399.2599_32",4.6695,2.2233
"215.0484_32.8",0.21424,-2.2227
"353.2237_27.6",0.21442,-2.2215
"467.7899_84.3",4.6577,2.2196
"304.1809_125.4",0.21619,-2.2096
"1021.7107_38.2",4.623,2.2088
"154.0439_49.9",4.6214,2.2083
"817.8407_83",0.21675,-2.2059
"365.0627_184.7",0.21826,-2.1959
"474.2594_36.3",0.21854,-2.194
"609.9311_69.1",4.5704,2.1923
"508.156_39.6",4.5651,2.1906
"350.2062_31",0.21943,-2.1882
"377.9842_74.8",4.5558,2.1877
"651.9373_98.3",4.5503,2.186
"379.7049_80.4",4.5491,2.1856
"167.9649_70",4.5336,2.1807
"347.2365_33",0.22073,-2.1796
"437.2736_28.4",0.22092,-2.1784
"471.3543_27",0.221,-2.1779
"472.4009_37.9",0.22165,-2.1736
"150.0775_39.5",4.5058,2.1718
"346.7405_56.7",0.22214,-2.1705
"618.5943_55.4",0.22387,-2.1593
"363.2153_28.1",0.22418,-2.1572
"183.0308_133.3",4.46,2.157
"562.3587_27.3",0.22448,-2.1553
"277.1185_34.3",0.22543,-2.1492
"230.1501_103.9",0.22639,-2.1431
"465.1046_44.4",4.4058,2.1394
"231.0985_57.9",4.3906,2.1344
"620.3653_29",0.22785,-2.1339
"208.6343_95.1",0.22859,-2.1292
"441.5234_284.7",4.3543,2.1224
"551.9564_78.8",4.335,2.116
"268.9461_54.7",0.23111,-2.1134
"1227.809_28.9",0.23153,-2.1107
"176.1112_72.7",0.23156,-2.1105
"240.0493_98.5",4.3105,2.1078
"174.9891_32.7",4.3023,2.1051
"261.0303_95",4.3021,2.1051
"278.6001_290.6",0.23276,-2.1031
"222.6626_94.7",0.2329,-2.1022
"179.1282_273.3",0.23308,-2.1011
"412.165_29.7",4.2903,2.1011
"304.1867_42.1",0.23367,-2.0975
"432.7377_56.4",4.2795,2.0974
"330.6759_80.3",0.23377,-2.0968
"361.2447_94.4",0.2345,-2.0923
"228.9523_47.2",4.2569,2.0898
"252.9623_44.8",0.23524,-2.0878
"269.0996_19.7",0.23587,-2.0839
"499.8437_136.9",0.23597,-2.0833
"375.2028_33",0.23628,-2.0815
"110.0349_42.9",4.2289,2.0803
"925.3196_51.6",0.23697,-2.0772
"394.1971_40.4",0.23763,-2.0732
"290.1711_45.7",0.23779,-2.0722
"103.1232_34.4",4.2009,2.0707
"547.8879_69.9",4.1897,2.0669
"153.1638_26.8",0.23869,-2.0668
"388.2302_103.4",0.23892,-2.0654
"230.9505_44.9",4.1771,2.0625
"131.118_27.1",4.1709,2.0604
"914.9267_92.9",0.24031,-2.057
"407.8508_71.2",4.1496,2.053
"303.2028_98",0.24101,-2.0528
"848.0164_59.5",0.24217,-2.0459
"383.1246_70.9",0.24231,-2.0451
"352.1866_36.9",0.24241,-2.0445
"329.1496_34.3",0.24329,-2.0393
"206.1216_58.2",0.24341,-2.0385
"333.8968_70.4",4.1019,2.0363
"136.0142_43.5",4.0975,2.0347
"364.0607_179.7",0.24575,-2.0247
"257.1747_32.3",4.0688,2.0246
"591.0884_111.1",0.24581,-2.0244
"405.8845_73",4.0596,2.0213
"847.8872_98.5",4.0576,2.0206
"378.2392_31.5",0.247,-2.0174
"460.2846_34.4",0.24715,-2.0165
"345.1444_37.1",0.2472,-2.0163
"335.9144_66.5",4.0381,2.0137
"232.9889_47",0.24779,-2.0128
"588.377_28.7",0.24778,-2.0128
"306.902_47.9",0.248,-2.0116
"380.8344_47.1",0.2488,-2.007
"273.0955_106.2",3.9972,1.999
"336.0669_118.5",0.25049,-1.9972
"851.5397_34.6",0.25068,-1.9961
"181.1259_94.4",0.25094,-1.9946
"343.8844_71.1",3.9836,1.9941
"629.4223_31.4",0.25143,-1.9918
"692.5953_52.5",0.25176,-1.9899
"523.2758_34.1",0.2519,-1.9891
"228.1173_99.3",3.9656,1.9875
"1122.8535_107.5",3.9504,1.982
"374.2399_102",0.25321,-1.9816
"360.2239_28.5",0.25339,-1.9806
"382.8319_47.8",0.25394,-1.9774
"190.9954_51.1",3.9237,1.9722
"346.197_40.2",0.25514,-1.9706
"533.9115_70.1",3.9138,1.9686
"477.3097_30.7",0.25605,-1.9655
"145.5766_120.5",3.8933,1.961
"317.2261_32.4",0.25718,-1.9592
"124.0645_34.3",3.8878,1.959
"315.9776_67.7",3.8714,1.9529
"601.3911_36.5",0.25855,-1.9515
"259.0282_73.9",0.25867,-1.9508
"274.176_37.2",0.25874,-1.9504
"338.0644_86.9",0.25943,-1.9466
"292.1141_98.3",3.8539,1.9463
"416.2501_34.9",0.25991,-1.9439
"230.9902_52.9",0.26046,-1.9409
"1155.0279_107.9",3.8392,1.9408
"733.5565_34.2",0.26056,-1.9403
"374.2288_35.2",0.26081,-1.9389
"302.2074_34.3",0.26137,-1.9358
"364.2233_30",0.26143,-1.9355
"777.0625_293.7",0.26183,-1.9333
"507.1538_41.1",3.8183,1.9329
"192.1058_112.3",0.26206,-1.932
"318.2025_38.8",0.26231,-1.9306
"540.6609_67.5",3.8101,1.9298
"227.5273_133.5",3.8024,1.9269
"186.1055_290.5",0.26316,-1.926
"333.2212_35.9",0.26356,-1.9238
"435.6958_119.4",3.7871,1.9211
"466.2746_36.5",0.26651,-1.9077
"686.5805_55.1",0.26734,-1.9033
"429.1526_122.6",3.7385,1.9024
"132.5334_128.7",3.7332,1.9004
"122.5864_102.8",3.7296,1.899
"717.8807_97.7",3.7293,1.8989
"216.5488_222.9",0.26849,-1.8971
"373.9781_98.8",3.713,1.8926
"266.9514_196.6",0.26958,-1.8912
"344.8752_175.4",0.27049,-1.8864
"789.06_59.9",0.27049,-1.8864
"643.4025_28.7",0.27109,-1.8832
"640.7305_67",0.27142,-1.8814
"108.5764_115.9",3.6798,1.8796
"617.3575_65.4",0.27177,-1.8795
"217.1185_73.4",3.6767,1.8784
"942.7504_80.1",0.27207,-1.8779
"825.0243_59.8",0.27289,-1.8736
"238.1074_27.7",3.6589,1.8714
"124.0144_34.4",3.6579,1.871
"388.0898_70",3.6561,1.8703
"416.9369_69.7",0.27355,-1.8701
"187.1554_31.1",3.6451,1.866
"137.0751_42.4",3.6416,1.8646
"331.242_30.3",0.27604,-1.857
"346.2332_33.7",0.27609,-1.8568
"291.1662_127.1",0.27638,-1.8553
"342.488_224",3.6168,1.8547
"285.0612_102.9",3.6117,1.8527
"251.9333_70.1",3.609,1.8516
"594.672_64",0.27728,-1.8506
"576.2834_58.7",3.6059,1.8504
"354.9403_46.9",3.6057,1.8503
"309.0945_76.4",3.6051,1.85
"230.0789_94.3",3.6002,1.8481
"234.0012_181.2",3.5964,1.8466
"264.95_58.5",0.27851,-1.8442
"394.2338_31.9",0.27873,-1.843
"189.1791_88.9",3.5842,1.8417
"363.052_65.9",0.27902,-1.8416
"200.6186_289.7",0.27944,-1.8394
"235.1482_126.4",0.28081,-1.8323
"375.13_36.5",3.5601,1.8319
"303.2109_33",0.282,-1.8262
"427.5491_289.9",3.5401,1.8238
"581.9909_175.6",0.28274,-1.8225
"480.6101_55.4",0.2829,-1.8216
"149.0744_30.7",3.532,1.8205
"144.6052_90.2",0.28345,-1.8189
"185.0922_18.8",3.5247,1.8175
"499.9712_66.3",3.5209,1.8159
"345.9232_70.6",3.5206,1.8158
"316.2232_32.9",0.28456,-1.8132
"503.2697_103.9",0.28495,-1.8112
"283.1016_94.4",3.5074,1.8104
"313.0229_48.7",0.28549,-1.8085
"360.2127_37.1",0.28723,-1.7997
"516.3385_34.2",0.28744,-1.7987
"368.1605_32",0.28763,-1.7977
"638.2698_45",0.28858,-1.793
"417.8796_70.6",3.4646,1.7927
"332.2179_35.9",0.28871,-1.7923
"380.218_34.6",0.28896,-1.7911
"241.1798_28.3",3.4567,1.7894
"313.4862_132.3",3.4545,1.7885
"924.0856_59.3",0.29021,-1.7848
"202.6343_286",0.29101,-1.7808
"442.2898_38.2",0.29186,-1.7766
"492.71_66.4",0.29213,-1.7753
"514.3605_27.8",0.29286,-1.7717
"282.1529_34.9",0.29344,-1.7689
"106.9858_196.6",3.4061,1.7681
"344.2544_28.4",0.2938,-1.7671
"722.8879_59.9",0.29395,-1.7664
"151.0867_19.9",3.3842,1.7588
"351.8902_64.8",3.3791,1.7566
"193.5402_133.4",3.3781,1.7562
"793.8763_98.1",3.373,1.754
"349.2002_26.8",3.3726,1.7539
"195.1514_267.3",0.29652,-1.7538
"319.2055_35.8",0.2966,-1.7534
"238.1473_105.3",0.29714,-1.7508
"324.0015_103.3",0.29774,-1.7479
"499.7343_288.5",3.3562,1.7468
"212.1025_69.6",3.3521,1.7451
"783.9573_56.1",0.29838,-1.7448
"336.1917_34.3",0.29855,-1.744
"200.0975_96.1",0.29878,-1.7428
"105.1174_41.9",0.29887,-1.7424
"508.7981_60.4",0.29901,-1.7417
"288.1918_22.2",0.29989,-1.7375
"218.0671_99",3.3324,1.7366
"385.2446_32",3.3321,1.7364
"255.1645_43.3",3.3303,1.7356
"286.971_70.8",3.3262,1.7339
"557.9452_27.6",0.30092,-1.7325
"311.0398_42.2",3.3204,1.7314
"299.2007_27.2",0.30185,-1.7281
"445.2657_35.5",0.30245,-1.7252
"242.0052_131.5",3.3061,1.7251
"333.0174_72.5",3.304,1.7242
"280.1546_40.4",0.30287,-1.7232
"487.3125_33.5",0.3029,-1.7231
"124.5915_94.8",0.30308,-1.7222
"330.2387_30.1",0.30375,-1.719
"629.9529_99",3.2911,1.7185
"507.2825_32",0.30427,-1.7166
"209.1319_289.4",0.30437,-1.7161
"152.0552_48.6",3.2816,1.7144
"221.0955_39.3",0.30479,-1.7141
"247.1915_29.9",0.30488,-1.7137
"438.754_66.7",0.30603,-1.7083
"341.8631_49.1",0.30647,-1.7062
"744.5393_53.4",0.30687,-1.7043
"270.1923_92.9",0.30709,-1.7033
"187.132_94.2",0.3084,-1.6971
"167.086_29.4",3.2394,1.6957
"180.0146_71",0.30909,-1.6939
"618.9517_60.2",0.30914,-1.6937
"313.1547_30.5",0.30937,-1.6926
"605.8474_68.9",3.231,1.692
"816.4771_55.2",0.30967,-1.6912
"246.1832_30.6",0.31077,-1.6861
"200.0406_117.1",3.2171,1.6857
"322.1763_34.9",0.31108,-1.6846
"408.2129_34",0.31119,-1.6842
"285.1696_28",0.31161,-1.6822
"168.0999_126.9",0.31216,-1.6796
"473.2972_35",0.31256,-1.6778
"256.1765_113.7",0.31303,-1.6756
"517.0129_95.5",3.1927,1.6748
"174.1181_98.3",0.31341,-1.6739
"158.1051_288.4",0.31349,-1.6735
"782.9599_54",0.3141,-1.6707
"772.5815_36.3",0.31443,-1.6692
"512.3446_29.7",3.1802,1.6691
"237.6554_94.3",0.31465,-1.6682
"1143.21_53.9",0.31491,-1.667
"142.0265_116.9",3.1748,1.6666
"861.5468_31.5",0.31509,-1.6662
"407.2286_33.8",0.31571,-1.6633
"193.1133_285.9",0.31581,-1.6629
"688.5213_29.7",0.31628,-1.6607
"202.1464_271.8",0.31634,-1.6604
"110.0502_105.2",3.1567,1.6584
"282.9521_33.1",0.31724,-1.6563
"751.4096_43.2",0.31744,-1.6554
"253.5129_133.5",3.1433,1.6523
"202.9904_30.8",0.31866,-1.6499
"1212.8171_30.1",0.31894,-1.6486
"313.5655_131.8",0.31903,-1.6482
"580.2962_26.7",3.128,1.6453
"300.01_69.1",3.1262,1.6444
"124.9998_123.2",3.1251,1.6439
"393.2132_36.2",0.3201,-1.6434
"379.9859_98.1",3.1212,1.6421
"613.4286_27",0.32038,-1.6421
"264.0397_294.8",3.1188,1.641
"249.1268_34.3",0.32076,-1.6404
"899.6579_36.9",3.1124,1.638
"186.1364_272.7",0.32132,-1.6379
"345.2577_27.5",0.32164,-1.6365
"684.1946_37.3",0.32167,-1.6363
"184.1188_125.8",3.1083,1.6361
"459.2809_34",0.32211,-1.6344
"207.9525_70.5",3.1041,1.6342
"493.3023_29.7",0.32228,-1.6336
"154.5557_133.6",3.1012,1.6328
"823.8491_81.7",3.0984,1.6315
"582.2209_41.9",0.32289,-1.6309
"205.1295_110.2",3.0939,1.6294
"465.271_33",0.32339,-1.6286
"214.0609_251.9",0.32347,-1.6283
"643.1618_108.5",3.0906,1.6279
"175.1161_107.6",3.0869,1.6262
"415.3784_27.3",0.32402,-1.6258
"464.1101_46.5",3.0852,1.6254
"319.085_70.9",3.082,1.6238
"226.0798_87",3.0785,1.6222
"356.7531_49.5",0.32484,-1.6222
"300.0593_132.8",0.32501,-1.6215
"366.2024_37",0.32524,-1.6204
"216.14_289.2",0.32537,-1.6199
"695.8992_97.9",3.0733,1.6198
"270.9442_47.8",0.32564,-1.6187
"596.8084_59.6",0.3257,-1.6184
"166.6183_287.7",0.3259,-1.6175
"214.9556_43.5",3.0682,1.6174
"719.8644_84.5",3.0635,1.6152
"358.2701_26.9",0.32662,-1.6143
"384.2384_27.5",3.0607,1.6139
"187.1441_92.3",0.32676,-1.6137
"103.5091_39.7",3.0565,1.6119
"491.3226_27.1",0.32774,-1.6094
"362.1274_71.3",3.0447,1.6063
"230.2115_27.2",0.32871,-1.6051
"90.0705_71.1",3.0407,1.6044
"368.1946_28.3",0.329,-1.6038
"359.921_70.7",3.038,1.6031
"592.3709_29",0.32951,-1.6016
"612.3679_26.2",0.33002,-1.5994
"424.0652_71.3",3.0292,1.5989
"362.2032_128.3",0.33016,-1.5988
"399.1446_133.3",3.0255,1.5972
"570.2189_100.1",3.0247,1.5968
"619.9572_268.5",3.022,1.5955
"1274.6074_25.3",0.33091,-1.5955
"862.9928_60",0.33101,-1.5951
"266.1584_31.2",0.33184,-1.5915
"339.1931_285",3.0108,1.5902
"147.5942_91.8",0.3322,-1.5899
"166.0532_85.1",0.33245,-1.5888
"665.1201_284.6",3.0065,1.5881
"92.4652_62.5",2.9979,1.5839
"801.5338_26.2",2.9976,1.5838
"215.016_86.1",0.33393,-1.5824
"283.988_72.5",2.9888,1.5796
"402.0091_125.2",2.9826,1.5766
"215.0095_77.1",0.33626,-1.5724
"667.326_65.7",0.33673,-1.5703
"206.0554_129.4",2.9677,1.5694
"397.3677_27.1",0.33718,-1.5684
"319.1723_123.9",0.33789,-1.5654
"740.5224_32.2",0.33867,-1.5621
"570.2352_27.9",0.33886,-1.5612
"1016.064_49.4",0.33902,-1.5605
"253.1523_29.4",0.3391,-1.5602
"185.0768_131.5",2.9475,1.5595
"659.3902_27.6",0.33931,-1.5593
"433.9419_76.5",2.9467,1.5591
"464.9109_68.3",0.3394,-1.559
"359.8999_70.2",2.9453,1.5584
"617.9878_105.5",2.9441,1.5578
"604.4063_19.5",0.34017,-1.5557
"490.8258_59.7",0.34057,-1.554
"484.1004_41.6",2.9345,1.5531
"282.0498_125.5",2.9325,1.5521
"563.8628_70.5",2.9308,1.5513
"479.1214_40.6",2.9199,1.5459
"200.1085_286.6",0.34255,-1.5456
"691.5073_30.1",0.34323,-1.5428
"735.3352_29.2",2.912,1.542
"195.9774_72.1",2.9116,1.5418
"406.731_55.6",0.34356,-1.5414
"719.2609_94.1",0.34361,-1.5412
"100.5789_103.1",2.9099,1.541
"427.8668_71.9",2.9079,1.54
"639.9043_66.3",0.34418,-1.5388
"100.5915_95",0.34475,-1.5364
"222.0292_125.6",2.8975,1.5348
"186.0775_126.5",2.8946,1.5334
"528.3757_27.3",0.34554,-1.5331
"368.2561_26.3",0.3456,-1.5328
"432.1928_31.7",2.8904,1.5313
"87.1583_110.9",2.8898,1.531
"219.6393_277.1",0.34641,-1.5295
"188.6313_287.7",0.34663,-1.5285
"750.5427_30.8",0.34728,-1.5258
"267.1711_20.8",0.34746,-1.5251
"115.1059_95.8",2.877,1.5245
"160.0798_88.1",0.34829,-1.5216
"433.854_70.8",2.8708,1.5215
"301.1191_30.2",2.8645,1.5183
"604.983_108.8",2.8644,1.5182
"416.2948_29.3",0.34929,-1.5175
"138.0429_41.8",2.8559,1.514
"461.2605_38.6",0.35042,-1.5128
"455.9809_98.6",2.8449,1.5084
"116.6113_64.5",0.35203,-1.5062
"268.1026_137",2.8366,1.5042
"479.524_289.8",2.8361,1.5039
"791.9588_106.5",2.8344,1.503
"532.2325_114.5",2.834,1.5028
"345.2132_39.1",0.35289,-1.5027
"250.913_45.4",2.8332,1.5024
"113.3901_110.4",2.8304,1.501
"830.7906_97.4",0.35342,-1.5006
"753.5258_29.9",2.8281,1.4998
"419.9259_80.3",2.8261,1.4988
"160.0428_176.1",2.8252,1.4983
"216.0195_100.3",2.8249,1.4982
"871.6275_35.4",0.35451,-1.4961
"276.0429_67.6",2.8198,1.4956
"1085.5358_26.4",0.35588,-1.4906
"986.9938_24.8",0.35622,-1.4892
"331.1904_23.4",2.8064,1.4887
"472.3131_34.3",0.35658,-1.4877
"538.6557_61.8",2.802,1.4864
"552.9119_75.9",0.35692,-1.4863
"233.6423_270.1",0.3572,-1.4852
"977.4317_24.5",0.35724,-1.485
"638.4334_40.2",0.35739,-1.4844
"1098.2391_57.1",0.35794,-1.4822
"338.1821_95.8",0.35838,-1.4804
"592.2007_99.2",2.7902,1.4804
"659.9317_60.8",0.35852,-1.4799
"537.0013_60.7",0.35883,-1.4786
"801.5798_30.9",2.7862,1.4783
"359.2579_32.5",0.35901,-1.4779
"531.9759_99",2.779,1.4746
"509.8695_72.8",2.7778,1.4739
"475.961_75.7",2.7771,1.4736
"771.8937_98.3",2.7766,1.4733
"153.5569_136.1",2.7744,1.4722
"457.3391_26.9",0.36121,-1.4691
"305.9483_65.3",0.36127,-1.4688
"297.1269_33",0.36155,-1.4677
"451.2551_34.9",0.36185,-1.4665
"502.3234_33.3",0.36189,-1.4664
"299.9622_72.7",2.7621,1.4658
"471.9546_98.5",2.7616,1.4655
"291.012_262.8",0.36217,-1.4653
"235.9207_75.1",0.36289,-1.4624
"208.0154_142.8",2.7522,1.4606
"818.5696_34.9",0.36423,-1.4571
"942.6885_59.4",0.36428,-1.4569
"492.282_30.9",0.36432,-1.4567
"470.9553_91.2",2.7445,1.4565
"395.9187_71.3",2.7383,1.4533
"254.0189_100.4",2.7363,1.4522
"142.5713_126.2",2.7356,1.4519
"280.175_25.2",0.36606,-1.4499
"130.0768_88.7",2.7249,1.4462
"678.3015_44.3",0.36772,-1.4433
"289.195_26.9",0.36798,-1.4423
"523.9067_81.8",2.717,1.442
"263.087_97.4",2.7162,1.4416
"260.027_98.9",2.7148,1.4409
"359.2289_37.4",0.36872,-1.4394
"245.1861_29.7",0.36895,-1.4385
"516.79_92.8",0.36902,-1.4382
"137.0167_42",2.7095,1.438
"673.9959_290.3",2.7085,1.4375
"99.5374_231.3",0.36932,-1.4371
"856.0052_59.7",0.36976,-1.4353
"1001.6002_26.2",0.36986,-1.435
"734.6507_26.4",0.37077,-1.4314
"725.4819_54.4",0.37079,-1.4313
"183.0918_28.3",2.6968,1.4312
"982.9043_59.7",0.37094,-1.4307
"282.1789_93.5",0.37135,-1.4291
"338.3372_26.6",2.6917,1.4285
"344.156_119",2.6914,1.4284
"431.25_36",0.37191,-1.427
"281.166_30.8",0.37217,-1.426
"792.5544_32.5",0.37226,-1.4256
"321.9651_71.3",2.6786,1.4215
"509.9128_73.5",2.6782,1.4213
"402.2335_32.7",0.37381,-1.4196
"179.1276_95.1",2.6744,1.4192
"402.735_55.6",0.37407,-1.4186
"422.0264_132.1",0.37408,-1.4186
"139.0503_34.7",2.6719,1.4179
"550.3245_29.7",0.37425,-1.4179
"654.6359_24.8",0.37474,-1.4161
"236.9981_71.7",0.37501,-1.415
"302.2196_25.9",0.37512,-1.4146
"195.129_292.6",0.37559,-1.4128
"810.4408_56",0.37575,-1.4122
"261.0113_58",2.6592,1.411
"210.0624_214.2",2.659,1.4109
"201.6447_277.6",0.37725,-1.4064
"209.6367_97.7",0.37755,-1.4053
"167.1067_23",0.37796,-1.4037
"114.0219_49.2",0.37798,-1.4036
"120.1019_37",2.6451,1.4033
"327.2894_26.1",0.3784,-1.402
"457.5724_128.3",0.37893,-1.4
"373.2448_35.1",0.3795,-1.3978
"265.0132_136.6",0.37997,-1.3961
"178.0863_21.9",2.6298,1.395
"749.9112_97.3",0.38044,-1.3943
"184.0277_124.6",2.626,1.3929
"92.3122_105.6",0.38099,-1.3922
"476.2772_33.7",0.38119,-1.3914
"300.1297_121.9",0.38157,-1.39
"403.2551_36.1",0.38156,-1.39
"96.0637_103",2.619,1.389
"324.0324_217.3",2.6177,1.3883
"405.0194_97.2",2.6166,1.3877
"793.5942_32.6",0.3822,-1.3876
"423.9759_73",2.6159,1.3873
"180.6214_286.5",0.3825,-1.3865
"1057.4975_26.4",0.38303,-1.3845
"1094.2892_54.9",0.38301,-1.3845
"265.1548_32.6",0.38311,-1.3842
"512.1574_88.7",0.38311,-1.3842
"337.9385_71.1",2.6057,1.3817
"360.0045_65.8",2.6054,1.3815
"304.1649_32.8",0.38387,-1.3813
"788.4743_55.7",2.6014,1.3793
"114.5946_93.4",0.38449,-1.379
"185.1034_285",0.38482,-1.3777
"537.8604_70.8",2.593,1.3746
"257.2305_26.6",0.38614,-1.3728
"187.6292_281.7",0.38656,-1.3712
"177.9481_250.9",0.38676,-1.3705
"96.3057_49.4",2.585,1.3701
"164.0083_112.1",2.5828,1.3689
"530.7883_87.3",0.38727,-1.3686
"194.0327_104.7",2.5816,1.3683
"121.0689_76.8",2.5812,1.368
"605.3156_28.2",0.3876,-1.3673
"85.076_105.5",2.578,1.3662
"298.1158_41.8",0.3882,-1.3651
"1004.5932_87.9",0.38833,-1.3646
"304.0322_125.8",2.5726,1.3632
"437.0191_107.2",2.5713,1.3625
"180.0611_139",2.5703,1.3619
"144.5516_133.6",2.5695,1.3615
"369.8668_19.2",0.3895,-1.3603
"499.9733_132.2",2.5629,1.3578
"331.1753_116.5",2.562,1.3573
"417.2343_33.9",0.39101,-1.3547
"288.1664_114.2",2.5566,1.3542
"143.9881_74.9",2.5542,1.3529
"548.3438_28.3",0.39173,-1.3521
"707.2228_95.3",2.5495,1.3502
"175.5133_267.2",2.5494,1.3501
"776.7705_86.7",0.3923,-1.35
"180.0873_40.1",2.5472,1.3489
"538.1272_100.2",2.547,1.3488
"185.5895_95.8",0.39306,-1.3472
"479.2962_33.2",0.39307,-1.3471
"135.084_90.8",0.39318,-1.3468
"874.4173_26",0.39317,-1.3468
"441.9082_83",2.5418,1.3458
"848.5203_32.2",0.3949,-1.3404
"820.6031_81",0.39569,-1.3376
"192.1111_276.6",0.39577,-1.3373
"675.9064_60.3",2.5238,1.3356
"509.9313_20.6",2.5236,1.3355
"415.1014_43.3",2.5222,1.3347
"180.1373_101.3",0.39678,-1.3336
"976.3748_55",0.39705,-1.3326
"475.9143_73.7",2.5179,1.3322
"706.6503_77.6",2.5175,1.332
"949.2824_50.4",0.39756,-1.3308
"212.9573_44.5",2.515,1.3306
"160.1333_28",2.5109,1.3282
"198.0526_99.7",2.5103,1.3279
"676.2862_42.5",0.39841,-1.3277
"279.1705_30.2",0.39858,-1.3271
"342.3085_26.4",0.3988,-1.3263
"206.1274_53.5",2.5059,1.3254
"207.0143_83.2",2.5051,1.3249
"657.4172_29.1",0.39932,-1.3244
"341.3051_26.9",0.39941,-1.324
"189.1679_27.8",0.3995,-1.3237
"235.0568_101.7",0.39966,-1.3232
"262.0976_31.3",0.39992,-1.3222
"196.9835_42.2",2.4996,1.3217
"823.3796_30.7",2.4986,1.3211
"202.0664_70.9",0.40032,-1.3208
"429.3073_27.8",0.40102,-1.3183
"105.0909_41.1",0.40115,-1.3178
"543.0846_62.9",0.40121,-1.3176
"547.2693_26.7",0.40175,-1.3156
"256.0172_98.9",2.4845,1.313
"785.9552_54.7",2.4818,1.3114
"137.5973_94.5",0.40366,-1.3088
"389.2393_38",0.40365,-1.3088
"91.0582_67.4",2.4769,1.3085
"443.8827_70.6",2.4749,1.3074
"960.7667_65.6",2.4724,1.3059
"162.0575_24.6",2.4721,1.3057
"281.1496_35.3",0.40507,-1.3038
"450.2796_31.2",0.40543,-1.3025
"302.1235_37.8",2.4661,1.3022
"294.1812_92.5",0.40554,-1.3021
"471.8695_70.5",0.40579,-1.3012
"260.053_47.9",2.4611,1.2993
"220.0371_52.2",2.4578,1.2974
"585.3977_28.7",0.40728,-1.2959
"449.2749_28.9",0.40741,-1.2955
"254.512_133.2",2.452,1.294
"459.3177_29.9",0.40785,-1.2939
"257.1469_61.7",2.4518,1.2938
"273.0395_293.4",2.4516,1.2937
"125.0427_33.9",2.451,1.2934
"245.5624_294.2",2.4493,1.2924
"312.1775_285.5",0.40826,-1.2924
"195.6266_288.4",0.40843,-1.2918
"570.6404_55.6",0.40867,-1.291
"175.0714_76.4",2.4467,1.2909
"540.9528_102.6",2.4452,1.2899
"187.6418_280.1",0.40912,-1.2894
"207.0515_45.1",2.4429,1.2886
"814.5367_33.1",0.40946,-1.2882
"232.1697_19.4",0.40962,-1.2877
"360.2745_26.7",0.40967,-1.2875
"476.9163_73.3",0.40983,-1.2869
"648.5466_54.4",2.4383,1.2859
"360.0608_293.8",2.438,1.2857
"253.1646_20.9",0.41028,-1.2853
"228.1344_34.2",2.4368,1.285
"285.9805_67.1",0.41067,-1.2839
"598.8282_63",0.41086,-1.2833
"216.0633_99.7",2.4327,1.2826
"271.0945_106.1",0.41134,-1.2816
"261.0226_70.9",2.4301,1.281
"246.1892_30",0.41163,-1.2806
"403.9521_83.5",2.4277,1.2796
"208.6526_277",0.41193,-1.2795
"828.7604_169.7",0.41241,-1.2778
"580.9825_59.4",0.41248,-1.2776
"411.8926_71.6",2.4242,1.2775
"930.4811_58.4",0.41285,-1.2763
"219.0714_70.8",0.41292,-1.2761
"962.0507_59.3",0.41302,-1.2757
"408.1395_119.1",2.4207,1.2754
"524.979_96.3",2.4174,1.2735
"140.0382_63",2.4159,1.2726
"169.0739_43.8",2.4079,1.2677
"584.2716_30",0.41566,-1.2665
"528.411_27.1",0.41571,-1.2664
"351.1666_37.7",2.4053,1.2662
"143.0634_138",2.404,1.2654
"835.6025_34.1",0.41644,-1.2638
"305.9747_83",2.3982,1.262
"413.7009_97.9",2.398,1.2618
"664.9292_59.7",0.41702,-1.2618
"296.9835_92.5",2.3971,1.2613
"479.9013_69.6",2.3956,1.2604
"142.0476_75.4",2.3946,1.2598
"145.1078_105.1",0.41779,-1.2592
"255.9876_132.2",2.3924,1.2585
"696.6106_55",0.41813,-1.258
"505.3119_32.2",0.41844,-1.2569
"360.2321_20.5",0.41847,-1.2568
"90.0496_72.2",2.389,1.2564
"378.069_110.5",2.389,1.2564
"375.8952_70.1",2.3884,1.2561
"313.0644_131.4",0.4191,-1.2546
"579.2931_26.4",0.41927,-1.2541
"184.0733_132.1",2.3841,1.2535
"463.9279_69.6",2.383,1.2528
"323.8689_69.9",2.3819,1.2521
"458.2973_34",0.41985,-1.252
"195.6085_128.3",0.41994,-1.2517
"1058.153_51.1",2.3795,1.2507
"228.1708_96.1",0.42049,-1.2498
"374.3266_23.7",0.4207,-1.2491
"541.9436_68.9",2.377,1.2491
"345.2995_26.3",0.42094,-1.2483
"263.9261_189.7",0.42102,-1.248
"789.4325_54.6",0.4214,-1.2467
"267.9071_70.8",2.3728,1.2466
"350.7798_65",0.42165,-1.2459
"401.3264_26.2",0.42163,-1.2459
"298.0969_143.3",2.3715,1.2458
"478.293_33.6",0.42175,-1.2455
"152.0094_70.7",0.42195,-1.2449
"295.1906_27.7",0.42201,-1.2446
"180.6029_126.4",0.42215,-1.2442
"383.3153_26.4",0.42222,-1.2439
"217.0666_99.7",2.3671,1.2431
"173.0129_176.1",2.3667,1.2429
"262.1398_126.3",2.366,1.2424
"319.1856_27.5",0.42281,-1.2419
"354.7553_61.1",0.42328,-1.2403
"395.2925_26.4",0.4241,-1.2375
"135.0222_70.2",0.42455,-1.236
"380.9834_213.6",2.3548,1.2356
"139.9634_21.7",0.42485,-1.235
"104.0706_43.1",2.3523,1.2341
"331.2843_26.6",0.42521,-1.2337
"203.1503_90.9",2.349,1.232
"299.1003_135.3",2.3489,1.232
"195.1291_94.8",0.42597,-1.2312
"742.544_53.2",0.42631,-1.23
"423.2578_28.9",0.42656,-1.2292
"176.0295_72.2",2.3443,1.2291
"446.26_33.7",0.42691,-1.228
"116.5887_61.8",0.42702,-1.2276
"192.102_18.9",2.3406,1.2269
"242.0997_32.4",2.3387,1.2257
"218.1577_30.4",0.428,-1.2243
"373.9365_72.8",2.3355,1.2237
"159.0278_41.8",2.3348,1.2233
"290.1644_123",0.42829,-1.2233
"114.1026_97.6",2.3302,1.2205
"111.0552_104.4",2.3273,1.2187
"265.6742_279.2",0.42968,-1.2187
"90.1107_96.9",2.3264,1.2181
"439.9502_75.1",2.3251,1.2173
"238.0443_96.1",2.3215,1.215
"932.48_58.8",0.4308,-1.2149
"174.135_94",0.43084,-1.2148
"261.91_190.6",0.43116,-1.2137
"286.1508_109.2",0.432,-1.2109
"239.0485_98.8",2.3105,1.2082
"515.9451_71.3",2.3091,1.2073
"521.9683_124.5",0.43307,-1.2073
"741.3302_65.9",0.43317,-1.207
"403.9486_76.4",2.308,1.2066
"444.2816_35.9",0.4333,-1.2066
"1214.604_79.1",0.43378,-1.205
"185.0979_66.2",2.3051,1.2048
"188.1434_274.6",0.43388,-1.2046
"360.319_27.2",0.43389,-1.2046
"884.3054_50.7",0.43488,-1.2013
"99.5247_240.5",0.43503,-1.2008
"100.2573_38.4",2.2986,1.2007
"522.9698_109.3",2.2974,1.2
"239.1366_30.2",0.43539,-1.1996
"797.1127_59.8",0.43576,-1.1984
"181.6052_128",0.43606,-1.1974
"416.0249_92.9",2.293,1.1972
"463.2914_28.1",0.43646,-1.1961
"322.187_89.7",0.4365,-1.1959
"619.381_29.1",2.2901,1.1954
"305.3774_110.5",2.2878,1.1939
"268.1404_41.9",2.2867,1.1933
"332.1921_127.5",0.43732,-1.1932
"359.2729_27.2",0.43855,-1.1892
"827.5997_30.7",0.43874,-1.1885
"799.6038_34.8",2.276,1.1865
"194.1176_199.9",0.4394,-1.1864
"487.2149_32.3",2.2758,1.1864
"253.977_67.2",2.2756,1.1863
"483.1308_84.7",2.2757,1.1863
"318.1811_30.5",0.43949,-1.1861
"488.8293_59.9",0.43961,-1.1857
"410.3323_27.6",0.43977,-1.1852
"137.0457_42.8",2.2711,1.1834
"637.861_75.7",2.2707,1.1832
"493.2657_34.1",0.44096,-1.1813
"411.1257_58.3",0.4413,-1.1802
"275.1692_118.2",0.44144,-1.1797
"849.5228_33",0.44145,-1.1797
"455.8956_70.1",2.2631,1.1783
"244.2021_32.9",2.2629,1.1782
"763.1198_107.6",2.2626,1.178
"178.0241_62",0.44208,-1.1776
"131.034_78.2",2.2607,1.1768
"750.7027_65.9",0.44245,-1.1764
"180.6157_98.9",0.44261,-1.1759
"514.0017_106.5",2.2578,1.1749
"638.337_26.6",0.44335,-1.1735
"417.2707_34.8",0.44356,-1.1728
"466.3291_33.2",2.2537,1.1723
"329.1467_32",2.2532,1.172
"387.2602_33.2",0.44418,-1.1708
"313.2738_25.4",0.44445,-1.1699
"638.3108_25.4",0.44472,-1.169
"185.0702_122.4",2.2464,1.1676
"327.9098_68.2",2.2422,1.1649
"435.2604_31.5",0.44612,-1.1645
"642.7068_77.1",0.44612,-1.1645
"1220.756_66",0.44626,-1.164
"207.9983_80.5",2.2384,1.1625
"339.2889_26.6",0.44675,-1.1625
"203.1391_41.9",0.44681,-1.1623
"353.9553_69.5",2.2344,1.1599
"291.9337_70.9",2.234,1.1596
"766.7581_64",0.44787,-1.1588
"802.067_59.4",0.44829,-1.1575
"728.33_66.4",0.44863,-1.1564
"568.933_79.2",2.2285,1.1561
"514.0644_58.9",0.44911,-1.1549
"256.1482_95.3",2.2253,1.154
"553.9577_98.7",2.2227,1.1523
"495.281_31.3",0.44999,-1.152
"258.9797_68.1",0.45029,-1.1511
"175.0016_42.5",2.2196,1.1503
"239.0138_74.2",2.2195,1.1503
"468.726_56.6",0.45067,-1.1498
"690.5966_39.1",0.45107,-1.1486
"900.5275_57.8",2.215,1.1473
"481.8985_70.1",2.212,1.1453
"220.1181_30.1",2.2118,1.1452
"398.0402_46.6",2.2068,1.1419
"273.1212_62.6",2.2057,1.1413
"204.0422_47",2.2044,1.1404
"142.0489_133.6",2.2036,1.1399
"275.1098_27.5",0.4541,-1.1389
"528.8812_64.4",0.45468,-1.1371
"378.1487_41.8",2.1989,1.1368
"423.2238_34.7",0.45483,-1.1366
"495.8752_69.6",2.1956,1.1346
"752.5718_55",0.45557,-1.1342
"344.0444_65.4",0.45596,-1.133
"362.0101_71.7",2.1914,1.1319
"321.9482_82.7",2.1887,1.1301
"176.9998_42.7",2.1874,1.1292
"366.1993_34.5",0.45721,-1.1291
"445.3019_33.8",0.45733,-1.1287
"937.0904_108",2.1836,1.1267
"504.3082_32.8",0.45835,-1.1255
"349.8922_70.5",2.1809,1.1249
"390.3213_26.1",0.45869,-1.1244
"220.6216_286.1",0.45882,-1.124
"481.2328_46.2",0.45899,-1.1235
"362.8752_84.6",0.45968,-1.1213
"124.0159_278.6",2.1733,1.1199
"376.3421_27.3",0.46017,-1.1198
"769.5568_36.5",0.4603,-1.1193
"181.1133_101.8",0.46048,-1.1188
"168.0769_108",2.1715,1.1187
"541.1831_106.8",2.1705,1.118
"250.9549_197.5",2.1699,1.1176
"253.118_42.2",0.46085,-1.1176
"424.2781_31.1",0.46097,-1.1172
"742.8004_65.5",0.46107,-1.1169
"289.129_111.2",2.1684,1.1167
"281.0952_110.5",2.1682,1.1165
"282.2427_26.3",0.46125,-1.1164
"343.9466_70.8",2.1679,1.1163
"158.0772_102",2.167,1.1157
"232.1732_29.5",0.46191,-1.1143
"396.9972_72.6",0.4622,-1.1134
"167.0126_172.6",0.46262,-1.1121
"1231.7438_41.7",0.46282,-1.1115
"433.2254_110.9",2.1606,1.1114
"361.3221_26.3",0.46289,-1.1113
"347.2289_97.2",0.46315,-1.1105
"378.2646_23.2",0.46348,-1.1094
"649.4651_78.2",2.1574,1.1093
"797.4208_54.6",2.1559,1.1083
"92.5141_27.3",0.464,-1.1078
"791.9978_287.9",0.4644,-1.1066
"267.2682_26.7",0.46444,-1.1064
"266.1475_105",2.1527,1.1061
"284.0104_279.2",2.1521,1.1057
"177.0247_91",2.1518,1.1055
"461.0835_262.9",0.46485,-1.1052
"234.153_40.2",0.46497,-1.1048
"1024.3053_55",0.46503,-1.1046
"360.0841_46.2",2.1489,1.1036
"198.1381_78.2",2.1482,1.1032
"343.8665_211.6",0.4659,-1.1019
"269.1253_63.3",0.46614,-1.1012
"263.1238_165.4",2.1434,1.0999
"359.3154_27.3",0.46671,-1.0994
"474.2713_31.1",0.46687,-1.0989
"533.8038_58.6",0.4669,-1.0988
"443.3228_27.1",0.46746,-1.0971
"314.277_26.2",0.46748,-1.097
"226.8781_39",2.1376,1.096
"147.1453_108.5",2.1356,1.0947
"194.6495_276.9",0.46884,-1.0928
"430.2658_35.6",0.46908,-1.0921
"531.9233_125.4",2.1296,1.0906
"341.1077_64.1",2.1285,1.0898
"201.1475_86.7",0.46987,-1.0897
"715.9643_105.8",2.1283,1.0897
"291.0043_82",2.128,1.0895
"404.3451_26.4",2.1277,1.0893
"101.1991_38.5",2.1273,1.089
"305.0336_294.1",2.1245,1.0871
"435.8947_74.3",2.1244,1.0871
"377.3456_26.7",0.47105,-1.086
"878.5397_81.1",2.1203,1.0842
"696.9919_91.5",0.47172,-1.084
"457.9608_83.8",2.1171,1.0821
"391.2841_158.2",0.47271,-1.081
"517.903_82.9",2.1145,1.0803
"389.9313_86.6",2.1118,1.0785
"301.0516_134.2",2.1118,1.0784
"153.0946_123.5",0.47413,-1.0766
"170.5241_131",2.106,1.0745
"498.1163_41.5",2.1044,1.0734
"369.1825_26.4",0.47532,-1.073
"147.121_47.8",2.1033,1.0727
"149.9929_69.7",2.1026,1.0721
"332.2877_25.4",0.47587,-1.0714
"261.9232_74.5",2.1007,1.0709
"200.076_139.1",2.1002,1.0705
"274.1874_93.7",0.47631,-1.07
"190.1267_40.6",0.47654,-1.0693
"289.293_26.2",0.47658,-1.0692
"535.8235_160.3",2.0971,1.0684
"539.0216_113.4",2.097,1.0683
"300.9366_133.9",0.47718,-1.0674
"280.1296_39.8",0.47763,-1.066
"545.8925_83.5",2.0921,1.065
"654.3284_25.5",0.47811,-1.0646
"325.1123_107.1",0.47834,-1.0639
"165.9668_70.1",2.0895,1.0632
"377.1455_41",2.089,1.0628
"134.0189_68.8",2.0886,1.0625
"262.1478_40.2",0.4788,-1.0625
"356.0782_71.6",2.0884,1.0624
"356.957_73.2",0.47916,-1.0614
"420.1736_28.1",0.47924,-1.0612
"152.105_97.6",0.47926,-1.0611
"369.3366_26.7",0.4794,-1.0607
"487.2134_275",2.0823,1.0582
"97.1926_49.4",0.48049,-1.0574
"217.1548_27.8",0.48053,-1.0573
"1091.729_65.7",0.4815,-1.0544
"286.9419_192.2",0.48153,-1.0543
"539.8572_70.6",0.48162,-1.054
"221.0249_60.5",2.0752,1.0533
"156.0893_104.8",2.0746,1.0529
"574.876_65.7",0.48204,-1.0528
"804.4803_53.8",0.48203,-1.0528
"122.058_126.3",0.48211,-1.0526
"168.0632_29.8",2.0729,1.0516
"869.5387_27",0.48246,-1.0515
"1116.8896_95.6",2.0721,1.0511
"332.5608_284.9",2.0713,1.0505
"389.9106_72.4",2.0691,1.049
"427.9086_70.6",2.0679,1.0482
"264.0762_132.7",0.4843,-1.046
"527.1423_41.5",2.0631,1.0448
"280.0923_110.8",2.0614,1.0436
"92.0592_71.5",2.0609,1.0433
"307.0432_99.9",2.0608,1.0432
"501.0305_67.4",0.48594,-1.0411
"208.0555_64.9",2.0575,1.0409
"569.9321_98.6",2.0567,1.0403
"373.2951_26",0.48657,-1.0393
"434.127_102.2",0.4866,-1.0392
"355.2843_27",0.48696,-1.0381
"654.8337_25.1",0.48729,-1.0371
"191.9773_69.4",2.052,1.037
"158.0765_48.6",0.48749,-1.0366
"304.0165_73.1",2.0501,1.0357
"231.1704_32.2",0.48782,-1.0356
"732.872_62.9",0.48787,-1.0354
"358.303_26.6",0.48805,-1.0349
"503.2961_32.4",0.48821,-1.0344
"1002.8987_108",0.48833,-1.0341
"539.1622_99.5",2.0475,1.0339
"709.5116_20.2",0.48907,-1.0319
"329.9078_70.2",0.48932,-1.0311
"480.0052_66.3",2.0427,1.0305
"172.1081_284.4",0.48986,-1.0296
"431.2865_34.9",0.49013,-1.0288
"89.1073_96.6",2.0392,1.028
"277.936_69.9",2.0389,1.0278
"262.1033_99.3",2.0381,1.0272
"252.0162_278.6",2.0343,1.0245
"190.0118_55.6",0.49189,-1.0236
"545.8566_46.4",0.49202,-1.0232
"221.1214_32.7",2.0317,1.0227
"391.2095_27.6",2.0315,1.0225
"90.055_63.2",2.0305,1.0219
"254.0139_133.3",2.0293,1.021
"967.8465_98.4",2.029,1.0208
"333.918_70.9",2.0286,1.0205
"354.2_29.8",0.49305,-1.0202
"254.1556_28.7",0.49316,-1.0199
"433.9991_94.9",2.0261,1.0187
"176.4761_209.6",0.49359,-1.0186
"194.1213_282.6",0.49369,-1.0183
"243.1018_35.6",2.0252,1.0181
"982.3214_55.2",0.49385,-1.0178
"546.8693_66.7",0.49398,-1.0175
"845.0222_59.7",0.49424,-1.0167
"296.1692_30.4",0.49455,-1.0158
"274.9918_93.7",2.0208,1.0149
"253.1433_22.3",0.495,-1.0145
"124.0393_32.3",2.0183,1.0131
"461.8957_46.1",0.49573,-1.0124
"262.1431_134.2",2.0167,1.012
"401.2759_32.3",0.49607,-1.0114
"465.3915_30.1",2.0158,1.0114
"402.246_100.1",0.4966,-1.0098
"490.1183_294.1",2.0132,1.0095
"320.9222_45.7",2.0123,1.0088
"109.5786_105.1",0.49712,-1.0083
"274.9536_68.8",0.49712,-1.0083
"438.2615_37.9",0.49777,-1.0065
"255.1315_33.6",0.49781,-1.0063
"347.9341_73.7",0.4979,-1.0061
"363.9082_71.8",2.0079,1.0057
"868.4216_55.3",0.49856,-1.0041
"149.5974_274.6",2.0043,1.0031
"1047.7329_37.5",0.49909,-1.0026
