"","Overall"
"229.1548_42.5",100
"213.1235_66.6",97.153
"215.1391_40.9",93.585
"302.15_37.6",91.384
"230.1581_50.1",89.664
"113.5868_100.1",89.038
"245.1688_104",87.313
"228.9523_47.2",86.236
"154.0377_43.7",82.488
"212.9573_44.5",81.998
"195.0741_87.5",81.974
"110.0349_42.9",80.664
"343.1301_29.8",79.611
"203.1061_32.4",79.573
"166.1212_98",79.137
"262.1398_126.3",78.768
"376.2268_28.8",77.811
"154.0439_49.9",77.622
"159.0278_41.8",76.877
"159.1493_23.2",75.961
"244.1657_99.5",75.247
"144.6052_90.2",74.87
"173.0921_86.3",74.679
"120.1019_37",73.829
"239.1366_30.2",73.79
"145.1336_30.3",73.63
"253.1294_96.5",72.912
"153.041_48.2",72.78
"261.1235_30.5",72.664
"313.1547_30.5",72.454
"137.0457_42.8",72.407
"313.0644_131.4",71.639
"334.1798_33.2",71.607
"267.1711_20.8",70.673
"647.4134_27.1",70.412
"138.055_26.8",70.31
"186.1055_290.5",70.244
"190.9954_51.1",70.174
"828.866_81.8",69.846
"272.1717_96.1",69.569
"536.3416_30.2",69.395
"345.2247_93.9",69.217
"380.2523_28.8",68.859
"150.0775_39.5",68.826
"187.1078_71.5",68.81
"304.1867_42.1",68.602
"301.1191_30.2",68.437
"113.0346_37.5",68.365
"346.2332_33.7",68.362
"135.084_90.8",68.36
"319.1856_27.5",67.874
"217.1185_73.4",67.841
"333.2212_35.9",67.698
"338.2051_28.6",67.683
"390.2093_127.6",67.482
"290.1453_115.2",67.466
"561.0582_92.5",67.147
"302.2074_34.3",67.115
"559.345_31.3",67.088
"437.2736_28.4",66.933
"364.2233_30",66.503
"465.271_33",66.491
"362.211_29.9",66.239
"347.2365_33",66.221
"289.2063_89.6",66.174
"253.1523_29.4",66.12
"193.1133_285.9",66.026
"114.1026_97.6",65.936
"450.2796_31.2",65.857
"238.1074_27.7",65.775
"332.2179_35.9",65.748
"122.5864_102.8",65.584
"288.1918_22.2",65.557
"473.2972_35",65.538
"330.2387_30.1",65.454
"365.0627_184.7",65.421
"638.2698_45",65.404
"422.0264_132.1",65.362
"247.111_36.5",65.321
"280.175_25.2",65.181
"408.2496_31.1",65.165
"358.2701_26.9",65.126
"460.2846_34.4",65.089
"416.2501_34.9",64.895
"445.2657_35.5",64.894
"220.1181_30.1",64.877
"316.2232_32.9",64.862
"393.2132_36.2",64.717
"360.2127_37.1",64.625
"361.2447_94.4",64.566
"290.1711_45.7",64.43
"304.1809_125.4",64.385
"136.0142_43.5",64.313
"290.1644_123",64.238
"459.2809_34",64.219
"493.3023_29.7",64.192
"345.2577_27.5",64.017
"187.1441_92.3",63.94
"479.1214_40.6",63.707
"528.3757_27.3",63.393
"318.2025_38.8",63.36
"461.2605_38.6",63.279
"459.3177_29.9",63.125
"231.0985_57.9",63.113
"131.1292_91.4",63.048
"350.2062_31",62.866
"375.8326_49.7",62.848
"303.2109_33",62.814
"915.4578_25",62.743
"352.1866_36.9",62.742
"429.3073_27.8",62.709
"163.5948_95.7",62.701
"502.3234_33.3",62.645
"394.2338_31.9",62.608
"457.3391_26.9",62.59
"613.4286_27",62.529
"592.3709_29",62.465
"331.242_30.3",62.442
"322.1428_97.6",62.293
"368.1605_32",62.26
"317.2261_32.4",62.102
"103.5091_39.7",61.925
"221.1214_32.7",61.888
"265.6742_279.2",61.845
"449.2749_28.9",61.766
"378.2392_31.5",61.691
"310.173_29.9",61.651
"200.6186_289.7",61.645
"363.8584_19.5",61.64
"187.132_94.2",61.64
"216.14_289.2",61.383
"366.923_62.1",61.127
"294.1111_120.8",61.043
"516.3385_34.2",61.031
"180.1181_285.7",60.843
"345.2132_39.1",60.757
"174.1431_38",60.739
"145.0973_118.5",60.726
"245.1861_29.7",60.723
"412.165_29.7",60.716
"514.3605_27.8",60.68
"359.2289_37.4",60.615
"529.9196_85.1",60.614
"212.0528_35",60.593
"353.2237_27.6",60.567
"399.1446_133.3",60.548
"175.0016_42.5",60.402
"302.1235_37.8",60.378
"178.0863_21.9",60.207
"270.1923_92.9",60.07
"212.1025_69.6",60.067
"593.6633_291.4",60.039
"380.218_34.6",59.933
"120.0444_29",59.89
"507.2825_32",59.874
"345.1444_37.1",59.865
"179.1282_273.3",59.844
"322.187_89.7",59.841
"291.1662_127.1",59.83
"375.2028_33",59.718
"274.176_37.2",59.679
"192.1058_112.3",59.674
"244.6628_85.6",59.503
"256.1765_113.7",59.458
"215.016_86.1",59.421
"344.2544_28.4",59.233
"124.0144_34.4",59.165
"104.0706_43.1",59.085
"407.2286_33.8",58.845
"366.2024_37",58.838
"228.1173_99.3",58.629
"472.3131_34.3",58.613
"173.1285_43.3",58.524
"282.1529_34.9",58.424
"495.281_31.3",58.396
"168.0632_29.8",58.308
"249.1268_34.3",58.276
"331.234_94.6",58.255
"363.1987_127.1",58.233
"443.3228_27.1",58.231
"270.3972_105.5",58.21
"203.6276_263.7",58.075
"481.1365_40.1",57.99
"394.1971_40.4",57.983
"615.4089_29.9",57.841
"168.0769_108",57.523
"264.0762_132.7",57.489
"319.1723_123.9",57.476
"117.074_100.5",57.347
"332.5608_284.9",57.321
"209.1319_289.4",57.263
"158.1051_288.4",57.241
"202.6343_286",57.182
"265.1548_32.6",57.15
"124.5915_94.8",57.092
"214.0609_251.9",56.94
"304.1649_32.8",56.914
"471.5176_280.2",56.907
"562.3587_27.3",56.885
"307.0432_99.9",56.782
"125.0427_33.9",56.646
"279.1705_30.2",56.604
"643.4025_28.7",56.568
"196.6107_124.2",56.526
"174.1181_98.3",56.447
"161.1366_38.8",56.339
"303.2028_98",56.253
"360.2321_20.5",56.199
"318.1811_30.5",56.139
"298.0969_143.3",56.109
"222.6626_94.7",56.038
"253.118_42.2",55.95
"408.2129_34",55.812
"384.2384_27.5",55.78
"352.2205_27.8",55.725
"180.0873_40.1",55.666
"124.0393_32.3",55.628
"146.1369_38.2",55.588
"108.5764_115.9",55.539
"403.2551_36.1",55.465
"262.1184_35.7",55.454
"396.1056_126.9",55.403
"478.1259_39.8",55.361
"232.1732_29.5",55.286
"552.9119_75.9",55.226
"362.2032_128.3",55.225
"345.9232_70.6",55.217
"402.2125_32.6",55.059
"370.259_22.1",54.985
"346.197_40.2",54.948
"131.0913_110.5",54.944
"458.2973_34",54.854
"149.0744_30.7",54.783
"444.2816_35.9",54.756
"246.1892_30",54.736
"331.1972_41.1",54.704
"427.5491_289.9",54.629
"882.0761_112.4",54.61
"374.2288_35.2",54.474
"231.1704_32.2",54.453
"227.1026_40.2",54.424
"673.9959_290.3",54.332
"173.1379_28.6",54.325
"297.1269_33",54.275
"153.1638_26.8",54.244
"231.1897_44.2",54.166
"416.9369_69.7",54.159
"166.6183_287.7",54.139
"218.1577_30.4",54.069
"387.2602_33.2",53.982
"366.8615_84.7",53.874
"195.6266_288.4",53.774
"186.1364_272.7",53.768
"336.1917_34.3",53.743
"220.6216_286.1",53.713
"620.3653_29",53.625
"380.8344_47.1",53.594
"445.3019_33.8",53.487
"223.9722_75.4",53.365
"479.2962_33.2",53.364
"294.1812_92.5",53.291
"373.2448_35.1",53.288
"551.9564_78.8",53.159
"214.9556_43.5",53.052
"278.6001_290.6",53.044
"187.1554_31.1",53.018
"185.1034_285",53.007
"230.1501_103.9",52.97
"250.913_45.4",52.947
"464.1101_46.5",52.937
"192.0397_45.3",52.933
"359.2729_27.2",52.801
"431.25_36",52.769
"398.0402_46.6",52.746
"399.2599_32",52.691
"131.5791_117.3",52.683
"550.3245_29.7",52.664
"801.5338_26.2",52.657
"142.0265_116.9",52.599
"296.1692_30.4",52.586
"431.2865_34.9",52.565
"281.1496_35.3",52.536
"570.6404_55.6",52.517
"435.2604_31.5",52.42
"266.2475_38.3",52.417
"248.1242_92.6",52.324
"86.06_35.1",52.314
"585.3977_28.7",52.175
"130.6021_94.2",52.111
"718.5316_37.2",52.054
"89.1073_96.6",52.026
"206.1216_58.2",52.021
"274.1874_93.7",51.991
"329.1496_34.3",51.949
"203.1391_41.9",51.945
"451.2551_34.9",51.919
"115.1059_95.8",51.896
"416.2948_29.3",51.854
"113.3901_110.4",51.814
"194.1176_199.9",51.809
"234.0012_181.2",51.758
"181.1259_94.4",51.726
"195.129_292.6",51.695
"188.6313_287.7",51.647
"100.5915_95",51.573
"149.0564_25.9",51.563
"408.1395_119.1",51.557
"989.8294_98.3",51.544
"441.9245_73.7",51.368
"389.2393_38",51.336
"508.3398_37.1",51.265
"339.1931_285",51.157
"187.6292_281.7",51.1
"194.1213_282.6",51.072
"238.1473_105.3",51.047
"499.7343_288.5",51.019
"423.2238_34.7",50.875
"401.2759_32.3",50.82
"234.153_40.2",50.772
"137.0751_42.4",50.77
"332.1921_127.5",50.742
"229.1006_29.8",50.709
"272.2948_27",50.676
"377.9842_74.8",50.626
"235.1189_44.5",50.595
"260.197_91.3",50.583
"192.1111_276.6",50.551
"232.129_84.2",50.529
"635.3394_42.8",50.487
"184.0733_132.1",50.473
"377.9346_46.1",50.47
"107.5993_93.8",50.348
"91.0582_67.4",50.306
"376.2188_128.1",50.295
"138.0663_99.2",50.276
"509.3435_37",50.139
"548.3438_28.3",50.111
"208.6343_95.1",50.106
"329.0996_32.3",50.046
"96.0637_103",50.045
"849.5228_33",49.982
"190.0713_30.4",49.957
"1016.064_49.4",49.88
"254.1556_28.7",49.846
"487.2149_32.3",49.841
"131.118_27.1",49.833
"180.6214_286.5",49.819
"145.1078_105.1",49.801
"153.5569_136.1",49.781
"90.055_63.2",49.781
"507.1538_41.1",49.733
"415.2915_29.1",49.728
"168.0999_126.9",49.724
"415.1014_43.3",49.698
"236.0918_31.3",49.632
"471.3543_27",49.62
"359.8999_70.2",49.587
"228.1708_96.1",49.558
"235.1482_126.4",49.541
"487.3125_33.5",49.465
"274.9536_68.8",49.42
"182.1031_125.7",49.364
"251.1733_94.5",49.356
"782.9599_54",49.293
"217.1548_27.8",49.224
"103.1232_34.4",49.212
"232.9889_47",49.193
"487.2134_275",49.167
"400.5509_264",49.136
"508.156_39.6",49.123
"320.163_35.3",49.077
"359.921_70.7",49.07
"183.0918_28.3",49.014
"188.1434_274.6",48.99
"101.1073_108.6",48.942
"273.0955_106.2",48.846
"347.0523_45",48.794
"174.135_94",48.792
"124.0645_34.3",48.78
"377.1455_41",48.714
"196.9835_42.2",48.688
"201.6447_277.6",48.667
"828.7604_169.7",48.616
"324.0592_150.7",48.545
"144.0656_57.8",48.533
"802.5953_31.2",48.511
"164.1168_68",48.504
"116.0454_44.1",48.484
"389.9313_86.6",48.468
"201.6322_276.1",48.454
"299.1003_135.3",48.436
"175.0714_76.4",48.431
"221.0955_39.3",48.415
"131.0532_36.5",48.398
"326.1823_93.7",48.386
"312.1775_285.5",48.38
"491.3226_27.1",48.361
"190.1267_40.6",48.28
"109.5786_105.1",48.242
"492.282_30.9",48.147
"267.1338_40.1",48.083
"216.6445_95.5",48
"766.557_36.2",47.993
"95.0604_103.4",47.953
"295.1652_34",47.804
"195.1514_267.3",47.765
"300.1297_121.9",47.76
"321.9651_71.3",47.757
"242.0052_131.5",47.751
"476.2772_33.7",47.73
"878.5397_81.1",47.718
"1058.153_51.1",47.681
"734.5591_43.1",47.625
"139.0503_34.7",47.608
"423.2578_28.9",47.589
"423.9759_73",47.576
"231.1678_30.1",47.565
"203.1503_90.9",47.47
"292.1292_42.3",47.464
"130.0863_43.5",47.441
"360.0841_46.2",47.417
"676.2862_42.5",47.414
"784.099_111.5",47.387
"200.076_139.1",47.317
"429.1526_122.6",47.306
"312.2164_27.1",47.282
"855.3134_65.2",47.279
"403.9486_76.4",47.271
"614.4788_26.2",47.219
"134.0448_90.9",47.121
"539.0216_113.4",47.117
"129.1022_284.7",47.068
"173.6079_127.1",47.061
"219.0714_70.8",47.025
"250.9355_43.2",47.018
"121.0477_29.3",46.997
"137.0167_42",46.987
"522.9698_109.3",46.986
"250.8658_60.3",46.979
"356.957_73.2",46.971
"147.121_47.8",46.956
"249.5345_150.6",46.883
"750.5427_30.8",46.817
"960.7667_65.6",46.799
"255.1315_33.6",46.793
"149.9929_69.7",46.787
"405.8845_73",46.677
"230.6601_93.6",46.643
"380.9834_213.6",46.616
"463.2914_28.1",46.615
"667.1087_87.6",46.581
"186.0775_126.5",46.574
"612.3679_26.2",46.55
"157.0802_107.6",46.545
"104.1002_41.4",46.52
"202.1187_47.1",46.478
"543.859_46.2",46.476
"96.7264_102.9",46.461
"289.195_26.9",46.439
"506.2971_32.6",46.386
"679.7235_87.5",46.383
"395.2925_26.4",46.378
"143.9881_74.9",46.37
"885.5488_40.5",46.357
"225.5377_221.5",46.341
"205.1295_110.2",46.319
"526.3609_21",46.314
"87.4218_44.4",46.313
"410.1784_27",46.286
"322.1763_34.9",46.262
"586.38_31.3",46.256
"255.6553_65.6",46.217
"459.8974_45.8",46.2
"378.069_110.5",46.174
"332.2877_25.4",46.168
"106.1144_41.4",46.126
"374.2399_102",46.083
"270.1642_91",45.956
"366.1993_34.5",45.914
"177.1233_106.3",45.846
"628.7002_63.6",45.823
"361.1503_80.9",45.808
"388.2302_103.4",45.799
"347.2289_97.2",45.67
"563.8628_70.5",45.633
"158.0772_102",45.629
"162.1492_79.6",45.609
"646.1289_86.4",45.589
"695.1991_44.7",45.575
"104.1136_41.7",45.535
"158.0924_106.3",45.516
"175.0767_106.7",45.509
"604.4063_19.5",45.46
"567.0266_108.6",45.445
"309.1739_31.7",45.379
"233.1496_41.3",45.327
"862.5656_82.6",45.292
"271.0945_106.1",45.287
"419.9259_80.3",45.193
"298.1158_41.8",45.157
"173.1171_33.8",45.148
"142.0489_133.6",45.131
"176.116_106.2",45.097
"617.3575_65.4",45.055
"117.576_120.3",44.963
"659.3902_27.6",44.944
"368.1946_28.3",44.905
"242.0997_32.4",44.852
"313.5655_131.8",44.812
"185.0768_131.5",44.802
"170.0419_102.7",44.794
"124.9998_123.2",44.782
"687.4213_50.1",44.759
"421.2447_31.1",44.713
"118.0862_58.2",44.682
"138.0429_41.8",44.656
"351.8902_64.8",44.647
"921.8242_83.1",44.612
"588.1463_111.2",44.553
"127.039_228.9",44.553
"324.0592_276.8",44.541
"208.6526_277",44.481
"633.3969_32.7",44.463
"842.3982_55.4",44.395
"96.0784_63",44.39
"147.1129_110.9",44.324
"797.1127_59.8",44.314
"541.9436_68.9",44.3
"111.0746_98",44.284
"438.754_66.7",44.281
"605.8474_68.9",44.233
"233.6423_270.1",44.218
"739.5109_29.6",44.2
"176.4761_209.6",44.143
"817.8407_83",44.14
"390.2426_34.1",44.131
"359.2579_32.5",44.081
"324.1893_29.7",44.003
"111.0552_104.4",44.001
"1001.6002_26.2",43.988
"742.5749_34.6",43.986
"345.2995_26.3",43.932
"288.2897_26.4",43.927
"200.1085_286.6",43.898
"236.0433_76.1",43.834
"559.3005_43.2",43.794
"358.303_26.6",43.786
"902.98_59.6",43.748
"213.1345_108.2",43.726
"167.9649_70",43.687
"206.0554_129.4",43.658
"652.7031_62.8",43.645
"982.3214_55.2",43.638
"136.0758_280.2",43.625
"219.0976_82.4",43.617
"207.0143_83.2",43.615
"244.2021_32.9",43.592
"753.5258_29.9",43.528
"649.219_250.2",43.518
"518.7259_62.9",43.449
"410.3323_27.6",43.439
"659.9317_60.8",43.437
"689.89_98.5",43.414
"120.0655_57.8",43.411
"527.1585_126.5",43.41
"134.0189_68.8",43.37
"185.0922_18.8",43.349
"285.9671_69.4",43.345
"209.6296_287.2",43.331
"478.293_33.6",43.311
"339.1952_26.9",43.309
"351.2157_26.7",43.287
"417.2707_34.8",43.287
"95.5455_264.6",43.269
"557.9452_27.6",43.258
"735.6564_22.7",43.251
"602.9793_59.9",43.239
"363.2153_28.1",43.203
"148.0604_76.3",43.202
"188.0352_83.1",43.19
"495.1527_39.9",43.19
"174.1125_26.9",43.178
"405.0194_97.2",43.099
"105.0909_41.1",43.091
"349.8717_69.7",43.078
"321.9482_82.7",43.062
"148.0427_54.8",43.034
"482.324_36.7",43.025
"192.102_18.9",43.005
"149.0639_82",43.004
"796.6467_57.2",42.996
"230.9505_44.9",42.918
"657.4172_29.1",42.913
"159.0513_43.6",42.88
"328.2226_32",42.874
"166.6001_127.6",42.872
"266.1584_31.2",42.858
"136.5895_98.4",42.854
"157.0739_107.5",42.824
"335.1919_127.7",42.817
"493.2657_34.1",42.809
"136.0758_41.5",42.758
"151.0867_19.9",42.755
"956.537_81.7",42.726
"262.1478_40.2",42.724
"233.9543_70.4",42.717
"545.8095_139.2",42.698
"325.1123_107.1",42.69
"226.0687_24.6",42.682
"198.0368_74.3",42.679
"105.1174_41.9",42.663
"113.0902_106.1",42.652
"180.6029_126.4",42.623
"121.0626_74.3",42.608
"220.0694_71",42.593
"139.0584_28.9",42.59
"211.1329_23.6",42.574
"341.3051_26.9",42.558
"862.4567_54.5",42.557
"354.2_29.8",42.547
"349.8922_70.5",42.533
"362.1274_71.3",42.505
"152.1106_284.1",42.502
"181.1133_101.8",42.488
"937.0904_108",42.484
"609.9311_69.1",42.46
"524.979_96.3",42.456
"435.9961_46.9",42.452
"402.2793_31.1",42.448
"127.0289_134.3",42.448
"110.0713_90.6",42.447
"253.5129_133.5",42.436
"244.2273_25.3",42.377
"868.4216_55.3",42.367
"530.3553_30.3",42.352
"162.0761_61",42.332
"213.614_288.5",42.325
"252.1687_270.4",42.291
"200.1507_94.1",42.211
"173.626_284.1",42.2
"193.998_52.1",42.179
"560.3119_43.9",42.172
"216.6375_283.2",42.17
"639.9043_66.3",42.168
"219.1533_104.9",42.143
"353.0918_240.2",42.141
"542.3177_36.6",42.114
"130.1421_129.4",42.094
"164.0921_35.4",42.046
"417.2343_33.9",42.018
"692.6164_54.9",41.998
"313.2738_25.4",41.977
"353.9553_69.5",41.919
"104.0876_41.6",41.907
"455.2136_39.4",41.896
"523.2758_34.1",41.896
"578.3543_30.3",41.895
"744.5393_53.4",41.853
"259.6555_291.1",41.845
"700.5051_28.5",41.835
"93.0447_97.3",41.812
"279.1917_75.2",41.804
"489.1151_293.2",41.787
"738.4326_49.1",41.768
"322.0893_32.6",41.732
"88.0631_102.2",41.709
"173.5952_128.3",41.648
"112.0869_106.1",41.613
"573.4519_25.5",41.562
"254.0189_100.4",41.525
"485.9552_83.2",41.522
"349.2002_26.8",41.477
"742.544_53.2",41.456
"341.8631_49.1",41.445
"194.6495_276.9",41.43
"584.4733_27.1",41.395
"342.3085_26.4",41.389
"222.0292_125.6",41.386
"132.1208_43.1",41.324
"314.277_26.2",41.304
"319.2055_35.8",41.3
"411.8926_71.6",41.209
"430.2658_35.6",41.159
"403.9521_83.5",41.159
"174.1057_107.5",41.139
"90.0705_71.1",41.118
"605.1588_125.7",41.111
"376.3421_27.3",41.09
"121.0689_76.8",41.085
"716.5225_29.9",41.024
"190.138_97.4",41.009
"210.0624_214.2",41.008
"124.0159_278.6",40.99
"154.0578_131.8",40.986
"187.0714_89",40.973
"801.5798_30.9",40.967
"194.6187_100.2",40.957
"290.0009_83.2",40.936
"219.6393_277.1",40.898
"221.2264_25",40.892
"409.2422_28.6",40.826
"112.0505_292.7",40.791
"104.1262_41.5",40.79
"152.0923_112.6",40.77
"287.9657_70.2",40.75
"306.1441_39.5",40.744
"257.1469_61.7",40.736
"177.126_107.2",40.733
"431.1891_34.8",40.72
"199.0904_78.4",40.693
"263.6585_292.5",40.673
"501.0386_95.9",40.631
"277.936_69.9",40.597
"331.2843_26.6",40.572
"246.1561_101.2",40.566
"236.9981_71.7",40.536
"844.7707_74.7",40.529
"441.0435_112.6",40.515
"319.9201_70.1",40.492
"276.1554_111.4",40.492
"337.195_32.8",40.49
"711.0465_114",40.473
"231.1339_29.5",40.459
"455.9809_98.6",40.44
"636.569_54.5",40.417
"466.2292_88.1",40.388
"487.8437_69.8",40.376
"360.2745_26.7",40.367
"164.0083_112.1",40.359
"147.1453_108.5",40.352
"178.0588_107.6",40.346
"187.6418_280.1",40.331
"210.0118_46.4",40.315
"359.3154_27.3",40.279
"427.9086_70.6",40.273
"439.9502_75.1",40.25
"233.1437_109",40.228
"581.9909_175.6",40.193
"959.7685_65.9",40.19
"388.0898_70",40.188
"134.1086_43.5",40.181
"439.2922_34.8",40.164
"175.5133_267.2",40.136
"378.1487_41.8",40.131
"331.1753_116.5",40.101
"195.1291_94.8",40.083
"317.2184_94.2",40.059
"200.5771_130.5",40.047
"268.1404_41.9",40.029
"610.8377_269.8",40.027
"175.161_107.1",40.009
"485.3587_37.6",40.004
"499.2325_287.9",39.991
"867.012_59.2",39.98
"280.0923_110.8",39.952
"156.0769_104.3",39.937
"402.0091_125.2",39.91
"382.7301_85.3",39.881
"461.0835_262.9",39.813
"202.8911_46.6",39.804
"489.8417_134.9",39.803
"181.6052_128",39.774
"157.0456_63.3",39.773
"183.0369_222.6",39.677
"576.2834_58.7",39.67
"147.0647_32.2",39.659
"276.0844_37.4",39.656
"284.1714_282.5",39.599
"260.027_98.9",39.598
"523.9067_81.8",39.584
"305.9747_83",39.57
"278.1534_94.6",39.552
"273.1212_62.6",39.513
"441.5234_284.7",39.511
"186.9562_21",39.503
"185.0702_122.4",39.488
"390.285_19.8",39.441
"213.0744_109.8",39.438
"156.0068_62.8",39.395
"463.0823_96",39.377
"379.9859_98.1",39.367
"217.0666_99.7",39.366
"144.5516_133.6",39.365
"499.9733_132.2",39.342
"244.0564_45.9",39.332
"304.0322_125.8",39.325
"779.8375_65.7",39.32
"118.1096_61.9",39.314
"273.0842_41.8",39.312
"882.938_108",39.297
"375.8952_70.1",39.295
"238.0443_96.1",39.288
"479.9013_69.6",39.283
"350.9492_76.1",39.23
"291.9337_70.9",39.218
"241.1547_66.2",39.218
"373.2951_26",39.215
"92.0592_71.5",39.213
"319.9904_76.7",39.195
"704.9621_58.9",39.127
"817.0692_58.9",39.121
"777.0625_293.7",39.11
"314.1291_32.1",39.106
"924.0856_59.3",39.099
"424.2781_31.1",39.095
"184.6182_93.6",39.074
"402.2335_32.7",39.074
"205.1183_68",39.067
"641.4601_27.9",39.054
"701.5561_34.9",39.043
"263.1276_26.3",39.037
"209.0175_57.1",39.015
"231.0282_216.4",39.001
"202.1464_271.8",38.998
"360.319_27.2",38.987
"255.1452_87.8",38.938
"145.5504_129.7",38.931
"132.5543_176.3",38.92
"432.8675_60.4",38.917
"315.9307_51.7",38.912
"199.0842_74.9",38.893
"304.0165_73.1",38.872
"191.9773_69.4",38.87
"536.3709_36.2",38.857
"234.9631_45.7",38.816
"141.0716_63.1",38.801
"569.3428_35.7",38.798
"579.2931_26.4",38.767
"435.8947_74.3",38.753
"158.0765_48.6",38.752
"387.9779_84",38.718
"861.5468_31.5",38.68
"236.041_79.8",38.676
"343.8844_71.1",38.672
"367.1395_125.6",38.666
"690.8904_228.8",38.64
"618.5943_55.4",38.635
"147.1686_127.2",38.618
"231.1269_128.3",38.614
"253.977_67.2",38.59
"115.0866_116",38.587
"218.0788_30.5",38.555
"216.0633_99.7",38.518
"219.134_47.8",38.497
"282.0498_125.5",38.496
"136.0619_25.9",38.456
"176.1112_72.7",38.415
"388.2635_32.3",38.407
"361.3221_26.3",38.386
"802.067_59.4",38.378
"340.01_239.2",38.319
"596.8084_59.6",38.308
"270.9442_47.8",38.306
"308.0905_224.1",38.303
"762.9811_108.9",38.301
"169.0584_87.8",38.291
"1045.7512_32.6",38.272
"432.7377_56.4",38.267
"195.9774_72.1",38.254
"665.0028_108.3",38.23
"982.7995_65.8",38.19
"395.9187_71.3",38.189
"104.1188_39.2",38.178
"1026.3011_55.1",38.177
"202.6161_126.9",38.171
"258.2429_26.1",38.17
"709.5048_21",38.164
"204.9184_288.2",38.158
"446.0139_68.4",38.151
"284.1007_45.4",38.112
"812.1058_110",38.094
"267.2682_26.7",38.069
"204.1595_26.1",38.035
"338.1821_95.8",38.03
"145.0689_75.4",38.021
"324.0453_113.9",37.905
"975.4666_24.9",37.903
"492.8899_72.9",37.898
"176.1223_106.2",37.895
"228.0219_68.2",37.876
"180.1373_101.3",37.836
"788.4743_55.7",37.835
"291.9743_53.2",37.828
"269.1608_90",37.789
"553.9577_98.7",37.783
"224.119_123.4",37.754
"203.184_31.3",37.744
"200.0912_76.9",37.732
"398.2748_29.9",37.716
"356.2876_26",37.691
"249.2577_26.5",37.666
"156.1123_107.2",37.648
"209.6367_97.7",37.614
"297.2169_38.6",37.6
"126.0436_34.7",37.552
"175.119_107.7",37.55
"295.0777_106.9",37.508
"343.9466_70.8",37.507
"664.1154_284.7",37.496
"1216.7716_33.6",37.465
"582.2209_41.9",37.396
"242.0513_68.6",37.384
"264.95_58.5",37.383
"280.1296_39.8",37.371
"740.6131_26",37.354
"769.5568_36.5",37.349
"277.1185_34.3",37.29
"191.0403_87.3",37.285
"343.9256_70",37.283
"148.0345_67.5",37.233
"389.9106_72.4",37.23
"190.0765_44.2",37.136
"160.1333_28",37.124
"1114.6092_92.7",37.104
"200.0319_78",37.099
"223.1078_39.8",37.063
"405.2102_26.9",37.062
"415.342_26.4",37.056
"283.0184_214.4",37.003
"194.6314_97.1",36.961
"251.9333_70.1",36.956
"826.3932_52.5",36.948
"150.9955_141.1",36.943
"269.0996_19.7",36.9
"433.3524_26.4",36.896
"333.918_70.9",36.886
"234.0281_223.7",36.866
"659.5132_26.3",36.844
"305.1817_122.8",36.825
"477.963_98",36.796
"643.1618_108.5",36.772
"245.1286_28.9",36.736
"354.2639_24.8",36.723
"188.1758_89.4",36.696
"261.91_190.6",36.686
"793.8763_98.1",36.651
"172.1081_284.4",36.631
"105.1104_42.5",36.628
"194.0224_53.2",36.608
"455.8956_70.1",36.595
"627.8203_63.8",36.59
"441.1522_28.5",36.585
"209.0588_210.8",36.567
"572.3681_30.5",36.552
"605.9136_83",36.552
"192.0243_81.4",36.545
"197.101_106.1",36.516
"818.0385_59.6",36.511
"163.1158_68.5",36.506
"202.1066_125.7",36.435
"520.3359_34.3",36.429
"217.5724_102.5",36.426
"258.1506_66.1",36.4
"693.5639_33.9",36.368
"648.5466_54.4",36.328
"285.0612_102.9",36.319
"168.5831_95",36.319
"785.9552_54.7",36.299
"557.3656_30.1",36.251
"189.1344_92.3",36.241
"734.6507_26.4",36.22
"868.3531_54.2",36.218
"931.2013_110.3",36.203
"391.2841_158.2",36.203
"597.1098_109.6",36.17
"564.3055_35.4",36.169
"525.18_25.5",36.164
"285.1193_113.9",36.154
"173.0921_223.2",36.148
"390.3213_26.1",36.127
"285.2789_23.7",36.11
"339.2889_26.6",36.108
"558.1353_25.3",36.108
"198.0526_99.7",36.062
"604.983_108.8",36.039
"468.3085_34.9",36.033
"522.203_127.7",36.027
"261.0303_95",36.021
"201.1475_86.7",36.005
"227.1139_101.1",35.991
"109.0284_226.1",35.989
"433.854_70.8",35.987
"355.046_76.4",35.972
"274.5257_221.8",35.931
"576.9372_218.8",35.926
"876.541_81.8",35.912
"601.2822_136",35.857
"310.0379_68.3",35.833
"387.3467_26.7",35.809
"377.3456_26.7",35.752
"289.0171_86.4",35.717
"145.0318_46",35.704
"300.1076_36.9",35.665
"150.9955_212.9",35.629
"336.8342_56.4",35.591
"137.5973_94.5",35.559
"475.2755_35.4",35.55
"146.1176_42.9",35.545
"537.3747_35.5",35.53
"667.326_65.7",35.508
"686.9857_107.8",35.422
"500.345_29.9",35.399
"741.1384_108.4",35.333
"230.2115_27.2",35.294
"441.0958_99.2",35.262
"611.46_28.8",35.225
"218.1387_34.3",35.215
"357.2999_26.4",35.2
"809.1607_111.8",35.185
"269.9938_69.1",35.183
"306.902_47.9",35.182
"355.2843_27",35.177
"469.0498_108",35.162
"427.8879_70.1",35.158
"378.0714_294.1",35.143
"262.1033_99.3",35.121
"348.9496_67.1",35.107
"486.3286_31.6",35.085
"321.0585_96.1",35.068
"119.0896_57.2",35.06
"91.052_70.7",35.056
"303.1451_91.8",35.038
"423.0897_291.2",35.012
"378.0263_68.2",34.998
"751.5452_30.5",34.974
"195.6085_128.3",34.952
"215.5507_226.9",34.952
"340.3938_24.6",34.951
"427.0022_95.4",34.947
"156.042_62.9",34.946
"684.4659_40.1",34.891
"640.3139_25.5",34.886
"558.2973_43.2",34.855
"357.8763_48.4",34.853
"159.1131_37.3",34.851
"108.0451_75.4",34.846
"472.8023_64.7",34.83
"183.0308_133.3",34.827
"375.2237_40.8",34.773
"537.8604_70.8",34.763
"310.0862_222.9",34.754
"372.3189_20",34.73
"161.5751_98.3",34.701
"198.0873_76.6",34.643
"386.0261_110.9",34.617
"346.2738_25.9",34.586
"286.971_70.8",34.57
"654.8337_25.1",34.569
"298.097_290.5",34.54
"495.8752_69.6",34.532
"298.0886_37.7",34.509
"517.903_82.9",34.504
"245.0609_293.4",34.498
"296.009_66",34.49
"505.3119_32.2",34.473
"750.4074_44.7",34.473
"129.1135_105.8",34.459
"417.8796_70.6",34.455
"313.0223_294.1",34.454
"400.148_132.7",34.449
"231.9936_45.2",34.442
"916.5033_58.1",34.422
"299.9622_72.7",34.42
"240.0493_98.5",34.396
"243.1018_35.6",34.379
"208.2038_40.5",34.369
"184.0576_68.5",34.326
"254.0139_133.3",34.325
"628.8208_256.9",34.317
"180.6157_98.9",34.317
"167.0126_172.6",34.312
"171.1129_19.5",34.294
"158.0404_63.4",34.256
"316.1968_109.8",34.253
"121.0648_32.6",34.25
"423.0897_96.4",34.243
"227.5273_133.5",34.238
"402.246_100.1",34.236
"865.7732_65.9",34.234
"866.2452_49.8",34.224
"1122.8535_107.5",34.221
"313.4862_132.3",34.206
"483.3282_33.9",34.196
"217.1296_72.2",34.173
"268.2717_26.2",34.17
"375.3105_26.5",34.162
"100.5789_103.1",34.161
"202.0425_71.4",34.123
"507.9371_83.8",34.119
"543.3272_37.9",34.119
"101.1991_38.5",34.109
"255.9779_71.6",34.076
"369.3366_26.7",34.056
"246.1445_52.7",34.048
"305.1692_33",34.042
"503.2961_32.4",34.03
"1029.1791_111.2",34.022
"147.1686_294.1",33.991
"447.0678_278.1",33.989
"182.0673_44.5",33.979
"285.1386_127.1",33.975
"391.3247_26.2",33.935
"478.6109_57.3",33.881
"245.5624_294.2",33.877
"257.2305_26.6",33.872
"453.9791_78.2",33.871
"629.9529_99",33.871
"181.6235_289.4",33.869
"147.5942_91.8",33.855
"133.0972_116.3",33.836
"190.9952_221.5",33.835
"737.7842_65.4",33.835
"491.0316_107.4",33.832
"1100.4156_56.9",33.824
"369.1615_59.2",33.799
"277.1589_116.3",33.792
"127.0754_23.1",33.782
"207.9525_70.5",33.772
"306.1596_94.1",33.745
"92.0495_29.6",33.725
"601.3911_36.5",33.721
"214.0512_226.7",33.716
"230.9902_52.9",33.69
"158.0465_62.9",33.682
"301.1646_27.1",33.68
"433.9946_97.7",33.665
"696.9919_91.5",33.664
"167.1103_103",33.661
"395.9364_69",33.659
"222.014_72.5",33.658
"910.0814_109.9",33.617
"197.0898_73.1",33.611
"341.973_72",33.574
"400.0511_109.5",33.558
"469.3122_35",33.556
"309.1674_20.2",33.523
"187.6236_102.1",33.505
"401.8843_70.6",33.489
"735.2815_24.9",33.48
"276.8782_61.5",33.48
"349.2307_106.3",33.47
"111.0683_106.4",33.465
"289.129_111.2",33.378
"113.1154_293.1",33.356
"1254.7476_65.4",33.351
"447.2075_107.7",33.348
"175.7402_107.9",33.338
"130.0499_64.9",33.338
"90.1107_96.9",33.309
"501.9285_80.7",33.308
"475.961_75.7",33.303
"402.08_234.5",33.301
"310.1759_94.1",33.288
"375.13_36.5",33.284
"1144.6637_163.4",33.281
"276.1077_31.1",33.267
"795.4906_35.9",33.256
"255.1645_43.3",33.243
"480.0052_66.3",33.239
"518.3228_42.2",33.238
"215.0546_228",33.236
"172.0771_30.7",33.226
"409.9597_83.9",33.209
"189.1234_48.8",33.199
"277.1395_149.5",33.191
"273.9988_77.8",33.183
"343.0468_65.6",33.181
"303.1996_31.8",33.179
"115.0168_34.7",33.158
"538.6557_61.8",33.149
"871.6275_35.4",33.125
"390.863_46.3",33.103
"309.0945_76.4",33.088
"441.9082_83",33.08
"610.9909_108",33.08
"233.5262_225.4",33.055
"245.0489_67.5",33.037
"166.0532_85.1",33.023
"456.169_29.7",33.021
"976.4565_25.1",32.996
"302.1962_28.2",32.988
"263.087_97.4",32.965
"109.0284_126.1",32.927
"92.5223_256.5",32.877
"261.0226_70.9",32.863
"152.0819_78.1",32.858
"133.1082_43.5",32.858
"299.2007_27.2",32.829
"278.1428_151.4",32.804
"208.0138_46",32.799
"675.5435_34.9",32.787
"472.8552_58.9",32.783
"388.1837_26.8",32.77
"259.1072_112.1",32.76
"1084.2172_54.2",32.723
"651.3221_26.8",32.719
"263.6583_117.7",32.699
"654.3284_25.5",32.689
"157.0608_77",32.682
"426.2333_36",32.666
"288.1664_114.2",32.665
"589.912_78.2",32.659
"143.5792_110.6",32.647
"371.976_78.5",32.62
"98.9775_255.5",32.611
"383.2191_26.4",32.604
"1070.5419_26.1",32.604
"362.0101_71.7",32.596
"703.5728_36.3",32.587
"206.1011_40.2",32.578
"261.1446_49.1",32.566
"370.9947_70.9",32.559
"257.1747_32.3",32.558
"233.1133_69.4",32.555
"393.0546_107.4",32.553
"397.9369_70.1",32.538
"847.8872_98.5",32.534
"186.0165_81",32.533
"703.0004_95.1",32.53
"449.6981_248.9",32.528
"268.9461_54.7",32.527
"528.9878_108.2",32.514
"789.4325_54.6",32.488
"514.0017_106.5",32.459
"189.0739_43.1",32.457
"176.0659_50",32.451
"905.384_51.6",32.428
"263.1541_125.6",32.42
"159.9472_252.6",32.418
"271.1037_121.3",32.414
"639.339_26.4",32.41
"147.1623_292.3",32.39
"219.0266_60",32.37
"303.9131_222.6",32.319
"207.2067_41.8",32.31
"436.1969_28.2",32.301
"225.0159_238.3",32.294
"120.0896_42.5",32.281
"867.3717_26.7",32.27
"169.0739_43.8",32.255
"183.0334_220.5",32.239
"239.0485_98.8",32.188
"132.5088_44.2",32.176
"711.7822_59.5",32.171
"332.2078_28.1",32.166
"267.9071_70.8",32.157
"509.9128_73.5",32.156
"117.0561_39.2",32.151
"216.4547_268.5",32.147
"118.9206_251.5",32.12
"258.9797_68.1",32.118
"282.5142_222.5",32.116
"1117.7365_65.7",32.07
"259.1136_111.6",32.061
"315.2019_96.9",32.057
"317.0934_31",32.029
"237.1234_36.5",32.017
"477.3097_30.7",31.974
"295.0681_108.2",31.951
"131.0533_84.2",31.881
"898.6883_80.4",31.877
"182.058_62.9",31.87
"314.2075_34.6",31.837
"716.8778_66",31.801
"129.1386_132.1",31.779
"298.0969_33.5",31.777
"308.0911_65.6",31.768
"354.9403_46.9",31.76
"165.9668_70.1",31.751
"1087.8045_97.9",31.72
"216.0526_222.4",31.702
"472.7074_71.3",31.692
"102.155_39.4",31.692
"372.9307_72.2",31.68
"88.0216_176.6",31.68
"356.0782_71.6",31.661
"944.5124_57.8",31.659
"605.0229_89.7",31.656
"299.1004_40.8",31.653
"337.9385_71.1",31.648
"251.6526_96.8",31.634
"107.1416_39.6",31.624
"695.8992_97.9",31.597
"225.0705_176.2",31.597
"538.7873_69.3",31.592
"151.991_70.4",31.589
"705.525_30.9",31.574
"261.037_241.5",31.562
"171.5818_76.4",31.56
"296.0653_110.7",31.542
"143.5973_282.3",31.541
"220.1371_68",31.513
"621.3098_26.5",31.508
"224.8254_203.6",31.47
"534.3553_37",31.466
"190.0118_55.6",31.453
"161.5973_89.7",31.437
"224.0781_175.9",31.429
"293.1893_89.6",31.422
"118.0943_60.8",31.408
"402.8856_45.7",31.398
"112.0412_183",31.372
"585.1881_85.2",31.345
"506.7728_84.3",31.339
"392.0966_120.2",31.325
"282.0123_52.4",31.32
"317.3245_26.6",31.307
"158.082_108.8",31.302
"693.5272_33.8",31.293
"207.0054_124.4",31.291
"306.0755_222.8",31.288
"1012.0685_49.8",31.27
"258.1449_109.8",31.262
"267.0156_192.4",31.254
"361.1534_92",31.253
"247.1593_102.3",31.245
"275.0014_89.4",31.201
"816.9502_95.2",31.182
"227.079_45.6",31.172
"206.6188_287.9",31.168
"323.0934_26.8",31.162
"189.1791_88.9",31.151
"625.1071_123.2",31.147
"262.1511_121.6",31.119
"914.5073_58.2",31.088
"1021.7107_38.2",31.035
"147.1089_85.5",30.963
"430.0954_225.8",30.885
"152.6123_281.3",30.874
"735.6136_112.1",30.869
"545.8566_46.4",30.855
"146.1652_135.8",30.847
"240.1316_105",30.847
"606.743_59",30.84
"327.9098_68.2",30.818
"432.2383_26.6",30.818
"546.82_135.6",30.817
"445.0599_89.7",30.795
"434.127_102.2",30.758
"145.0523_130.6",30.743
"415.8901_59.7",30.737
"328.2325_28.8",30.73
"113.0527_126.1",30.711
"229.6577_92.7",30.708
"160.0346_65.6",30.697
"134.1005_115.9",30.685
"568.4752_50.4",30.674
"269.1073_39.8",30.669
"92.5141_27.3",30.665
"281.166_30.8",30.643
"301.9414_69.9",30.633
"373.9114_244.9",30.619
"89.0382_175",30.615
"329.2263_30.5",30.61
"193.0278_77.9",30.604
"205.9616_45.8",30.589
"659.0351_94.3",30.587
"216.0848_139.3",30.573
"513.0653_58.9",30.562
"353.2297_26.9",30.557
"580.2803_41.1",30.519
"291.9129_70.2",30.515
"347.9341_73.7",30.504
"131.6968_44.3",30.476
"299.056_219.4",30.473
"578.7712_61.7",30.455
"343.0666_112.5",30.414
"776.7705_86.7",30.402
"241.1798_28.3",30.354
"278.1857_33.9",30.308
"166.1236_27.5",30.288
"470.7101_67.6",30.282
"89.1073_291.8",30.28
"125.9536_291.2",30.277
"996.617_25.8",30.166
"319.1973_109",30.139
"163.0795_75.8",30.125
"528.3084_35.7",30.101
"411.9141_69.4",30.098
"193.0679_95.3",30.09
"216.0195_100.3",30.085
"387.1801_26.7",30.065
"176.1255_108.4",30.062
"178.1079_283.9",30.041
"839.0322_59.3",30.038
"200.0975_96.1",29.996
"193.5402_133.4",29.983
"261.0372_290.2",29.981
"152.105_97.6",29.957
"430.1037_222.3",29.955
"532.2325_114.5",29.949
"392.2181_32.2",29.925
"104.0981_39.5",29.917
"193.0819_90.1",29.912
"339.0542_222.4",29.91
"348.2747_22.7",29.903
"133.1053_39.2",29.898
"663.4064_27.9",29.827
"217.1435_28.7",29.802
"230.0789_94.3",29.799
"218.0671_99",29.798
"130.9583_286.7",29.787
"96.3057_49.4",29.764
"741.3302_65.9",29.753
"313.125_31.6",29.752
"341.1923_27",29.752
"347.2036_106.5",29.74
"429.1022_226.4",29.736
"416.0249_92.9",29.7
"129.1386_293.4",29.697
"969.3348_54.4",29.691
"349.0543_134.1",29.678
"1126.604_92.4",29.66
"338.2171_19.2",29.642
"130.142_293.7",29.64
"129.5943_285.7",29.627
"340.3211_26.3",29.618
"207.0054_229.8",29.615
"494.7218_62.1",29.613
"304.1619_109.4",29.608
"217.9803_70",29.607
"436.9075_269.1",29.603
"118.0651_35.9",29.601
"656.5811_31.5",29.585
"495.328_35.6",29.575
"461.8957_46.1",29.53
"894.2617_53.4",29.528
"362.3253_26.4",29.527
"177.1194_106.9",29.516
"325.959_46.2",29.505
"256.0172_98.9",29.494
"169.5946_96.1",29.468
"617.9878_105.5",29.463
"532.3383_37.1",29.46
"967.8465_98.4",29.459
"794.9699_95.5",29.393
"98.06_88.8",29.361
"184.1188_125.8",29.325
"353.5934_244.7",29.319
"631.3443_92.1",29.292
"302.9871_64.9",29.286
"416.3451_26.5",29.283
"308.1699_28.8",29.263
"207.0515_45.1",29.256
"433.2254_110.9",29.247
"818.4718_55.3",29.24
"566.3196_37",29.239
"433.0931_95.2",29.21
"433.9419_76.5",29.202
"210.9408_43.2",29.185
"1198.5432_80.8",29.163
"576.3325_25",29.141
"541.1831_106.8",29.093
"328.3574_25.7",29.09
"550.3064_25.6",29.069
"340.0277_74.9",29.066
"154.5557_133.6",29.054
"343.3119_26.4",29.011
"668.6187_26.2",29.01
"87.0441_31",28.973
"407.8508_71.2",28.964
"1047.7329_37.5",28.961
"298.0251_64.5",28.959
"217.1054_279.2",28.94
"176.9924_98.5",28.913
"216.5488_222.9",28.894
"164.0295_71.2",28.888
"543.0846_62.9",28.884
"140.0683_61.3",28.87
"135.0302_179.9",28.861
"144.0808_43",28.854
"213.0982_113.2",28.852
"138.5869_108",28.844
"254.512_133.2",28.83
"499.9712_66.3",28.818
"607.3822_40.4",28.798
"565.0031_61.8",28.781
"313.0229_48.7",28.772
"239.1643_20.9",28.768
"275.1348_95.6",28.747
"181.0066_74.2",28.734
"313.0291_174.5",28.728
"424.0652_71.3",28.727
"281.0952_110.5",28.721
"465.1046_44.4",28.716
"601.209_117.7",28.714
"311.9829_78.2",28.702
"146.1652_294",28.675
"201.6266_100.2",28.661
"100.0869_105.5",28.654
"569.9321_98.6",28.623
"169.0948_110.1",28.622
"283.988_72.5",28.614
"281.0088_46",28.584
"463.0255_111.5",28.566
"958.6929_280.3",28.559
"645.4978_26.6",28.545
"486.0676_95.4",28.542
"1143.21_53.9",28.54
"160.9773_220.4",28.521
"479.3246_25",28.516
"533.8038_58.6",28.494
"157.0393_63",28.486
"643.8229_66.3",28.441
"860.4585_54.7",28.436
"149.5301_135.3",28.436
"175.1077_59.7",28.421
"778.8371_65.8",28.406
"260.1605_48.6",28.402
"510.3556_36.6",28.388
"810.4408_56",28.379
"180.0756_90.8",28.365
"583.9325_79.9",28.346
"300.01_69.1",28.346
"189.087_68.6",28.346
"771.9735_290.8",28.346
"106.0498_88.6",28.336
"833.5878_111.8",28.33
"276.1344_36.3",28.328
"498.0278_106.9",28.28
"226.0451_58.2",28.279
"472.4009_37.9",28.274
"516.79_92.8",28.265
"714.6575_60.9",28.261
"481.3122_33",28.244
"303.1773_121.1",28.244
"137.0652_42.4",28.241
"596.0052_106.9",28.24
"320.1019_69.6",28.237
"442.7998_61",28.236
"103.8235_40.1",28.225
"287.1365_29.9",28.214
"283.019_121.5",28.212
"143.539_174.5",28.206
"223.0748_176.5",28.202
"214.5529_231.3",28.199
"787.6047_34.4",28.198
"574.876_65.7",28.198
"647.5583_89.6",28.188
"183.113_19",28.177
"86.1109_44",28.177
"667.4371_31.3",28.172
"428.0988_237.3",28.17
"1133.0451_108.2",28.15
"757.558_32.7",28.102
"1078.0306_112.6",28.097
"564.8126_61.6",28.08
"454.9557_73.2",28.075
"274.2004_92.2",28.072
"767.4682_26.6",28.052
"1000.5462_84.2",28.046
"784.9632_108.1",28.016
"520.3122_35.5",27.986
"413.9111_70.5",27.949
"797.4208_54.6",27.925
"1212.0633_52.1",27.905
"270.0857_109.5",27.876
"506.7081_65.8",27.874
"443.8827_70.6",27.841
"431.0977_222.8",27.834
"1274.6074_25.3",27.828
"267.978_66.4",27.797
"637.861_75.7",27.761
"118.078_67.1",27.739
"177.0504_34.2",27.702
"327.2528_26",27.681
"228.0454_61.6",27.67
"365.0486_111.6",27.668
"953.5391_36.6",27.626
"469.8513_70.1",27.624
"116.5887_61.8",27.582
"177.0329_223.4",27.561
"371.1134_107",27.558
"504.3082_32.8",27.558
"637.431_35.8",27.528
"800.6163_35.5",27.515
"205.1433_31",27.5
"638.4334_40.2",27.499
"550.8081_267.2",27.493
"527.1423_41.5",27.489
"194.9665_41.4",27.482
"582.2963_43",27.459
"196.096_20.7",27.451
"590.9155_91.9",27.439
"231.6373_105.4",27.424
"142.0726_63.4",27.418
"400.9104_62",27.411
"455.1449_102.7",27.405
"351.1666_37.7",27.402
"375.9354_48.3",27.392
"269.1253_63.3",27.39
"115.0156_287.9",27.378
"252.9623_44.8",27.378
"110.0502_105.2",27.344
"257.0994_24.3",27.343
"763.1198_107.6",27.341
"226.024_43.8",27.338
"350.2333_105",27.336
"816.5525_33.5",27.322
"226.9005_65.7",27.309
"242.0345_192.8",27.288
"903.0929_59.6",27.287
"791.9588_106.5",27.286
"833.5882_32.7",27.283
"300.0593_132.8",27.272
"275.925_286",27.24
"272.1348_123.1",27.237
"656.3406_25",27.234
"487.1661_126",27.211
"688.9087_70",27.201
"420.1736_28.1",27.188
"180.0037_72.6",27.179
"942.6885_59.4",27.168
"1155.0279_107.9",27.168
"796.5848_34",27.161
"250.9549_197.5",27.147
"342.1183_291.3",27.135
"305.3774_110.5",27.122
"341.1349_39.1",27.067
"236.1204_28.9",27.042
"197.1167_120.4",27.04
"85.076_105.5",27.036
"679.4383_29.7",27.027
"113.4992_166.6",27.019
"1214.604_79.1",26.989
"427.8668_71.9",26.981
"311.0512_109.7",26.971
"350.0747_117.9",26.944
"415.0356_108.1",26.933
"392.3372_26.5",26.921
"159.1574_25.4",26.907
"248.8964_45.7",26.887
"404.3736_22.6",26.87
"582.6471_55.5",26.845
"98.6794_45.9",26.795
"817.041_59.5",26.78
"431.119_99.3",26.769
"261.962_69.8",26.768
"462.1828_96.8",26.766
"333.8968_70.4",26.766
"173.1104_289.3",26.761
"242.1499_35.7",26.707
"328.769_57.6",26.674
"360.1501_92.4",26.671
"474.2713_31.1",26.667
"739.2437_44.4",26.659
"304.2352_25.6",26.658
"302.063_124.8",26.648
"618.9517_60.2",26.634
"153.0946_123.5",26.613
"621.8879_83.9",26.612
"1104.4135_56.8",26.606
"388.3502_26.6",26.589
"490.8258_59.7",26.587
"387.908_70.1",26.575
"149.5974_274.6",26.573
"481.8985_70.1",26.534
"112.1121_293.1",26.52
"783.5718_34.4",26.516
"199.069_88.2",26.506
"332.0571_89.8",26.489
"879.5854_82",26.478
"229.6398_83.5",26.434
"958.7121_80",26.373
"97.9737_227.7",26.357
"208.4739_131.2",26.346
"373.9365_72.8",26.337
"253.0489_42.2",26.332
"108.0888_27.4",26.313
"152.0094_70.7",26.298
"239.0696_269.1",26.295
"751.476_52.5",26.275
"418.2403_103.3",26.274
"188.0916_21.3",26.259
"741.5254_30.1",26.255
"822.8568_80.8",26.249
"413.196_26.7",26.24
"234.543_223.7",26.232
"348.0704_282.8",26.219
"134.0271_175.4",26.206
"389.8631_47.7",26.201
"701.9178_58.5",26.196
"351.8586_235",26.194
"942.7236_80.2",26.178
"771.8937_98.3",26.162
"107.0653_152.4",26.156
"237.0465_77.1",26.15
"212.938_44.4",26.15
"323.9944_167.9",26.123
"538.073_288.7",26.116
"899.3969_51.9",26.102
"414.1793_270",26.094
"584.4991_53.5",26.092
"159.0437_62.6",26.092
"732.5463_30.2",26.09
"198.1381_78.2",26.088
"756.1498_194.6",26.072
"791.9978_287.9",26.062
"531.9149_73.1",26.056
"353.8794_69.6",26.049
"193.1189_19.2",26.039
"972.7294_73.9",26.021
"275.96_72.2",26.018
"269.0857_98.7",25.995
"706.6503_77.6",25.993
"139.9634_21.7",25.978
"224.0716_176.3",25.967
"172.0142_174.9",25.929
"224.6418_105.3",25.913
"457.9608_83.8",25.909
"155.0427_89.9",25.893
"589.0032_80.3",25.885
"600.9738_87.8",25.877
"531.9759_99",25.871
"276.1749_126.5",25.843
"652.324_26.9",25.833
"595.7749_122.6",25.806
"257.0887_55.1",25.799
"625.2015_92",25.789
"1016.5549_81",25.77
"600.3141_44.7",25.76
"333.2911_26.6",25.746
"530.3207_34.8",25.739
"188.0707_43.6",25.692
"899.6579_36.9",25.65
"204.1232_41.5",25.646
"264.0397_294.8",25.634
"124.5839_105.9",25.556
"439.265_38.7",25.556
"263.9261_189.7",25.545
"446.3053_21.9",25.532
"175.1042_103.9",25.529
"394.9505_94.9",25.509
"251.106_44",25.492
"540.9528_102.6",25.481
"335.8944_69.6",25.459
"87.8474_35.1",25.414
"215.5552_226.6",25.399
"764.7927_65.8",25.391
"88.5648_105.7",25.388
"174.9891_32.7",25.381
"390.2204_108.7",25.372
"226.5502_140.2",25.342
"1110.536_82",25.325
"834.2233_111.3",25.312
"236.9612_45.7",25.276
"452.2774_36.5",25.274
"1082.7384_65.7",25.248
"215.0484_32.8",25.246
"162.1125_60.1",25.224
"494.9377_228.1",25.217
"349.0738_274.9",25.215
"338.3372_26.6",25.209
"998.4982_82.4",25.185
"591.0884_111.1",25.156
"237.6554_94.3",25.128
"253.0932_126.8",25.119
"208.647_93.8",25.115
"271.123_128",25.11
"1100.8712_107.2",25.109
"205.1505_45",25.103
"211.5086_212.9",25.101
"219.4972_229.6",25.058
"356.0021_78",25.045
"550.7825_59.8",24.999
"384.3062_27",24.998
"485.8253_70.6",24.984
"118.0629_61.8",24.945
"132.0037_290",24.938
"269.1438_42.4",24.927
"608.1747_84.8",24.917
"353.0802_65.8",24.914
"370.0523_102.5",24.909
"683.4651_29.6",24.899
"318.9212_24.3",24.884
"360.0045_65.8",24.862
"325.1595_273.6",24.855
"1208.5097_81",24.843
"851.5397_34.6",24.834
"374.2974_26.3",24.831
"207.0581_131.9",24.817
"155.9936_138.4",24.814
"542.3237_39",24.797
"183.0846_53",24.789
"1132.4568_48.1",24.787
"860.9565_108.8",24.773
"90.0496_72.2",24.767
"206.04_71.2",24.745
"263.1238_165.4",24.736
"717.8807_97.7",24.733
"973.4829_25.1",24.704
"823.3796_30.7",24.682
"177.0773_36.9",24.673
"360.2239_28.5",24.67
"147.0765_88.8",24.646
"99.0917_105",24.641
"151.1482_26.1",24.612
"290.134_81",24.61
"450.3793_26.6",24.609
"149.0456_37.5",24.607
"502.2928_32.9",24.601
"539.8848_82.1",24.577
"480.6101_55.4",24.562
"681.9093_83.7",24.55
"274.9918_93.7",24.545
"977.4317_24.5",24.515
"325.0618_157.5",24.502
"643.8693_79.5",24.492
"580.9825_59.4",24.477
"180.0611_139",24.474
"827.5997_30.7",24.471
"489.3145_31.7",24.47
"245.0895_112",24.468
"145.5766_120.5",24.466
"382.8319_47.8",24.45
"619.381_29.1",24.425
"286.1508_109.2",24.42
"330.3368_25.8",24.416
"355.9347_60.3",24.404
"471.9546_98.5",24.391
"295.0664_41.8",24.379
"819.7427_87.5",24.372
"102.5707_117.4",24.366
"688.5213_29.7",24.356
"443.9219_62.4",24.33
"151.0478_88.7",24.323
"327.9521_69.6",24.277
"376.6777_54.6",24.264
"498.3288_32.1",24.25
"199.6108_289.3",24.234
"626.9652_108.3",24.226
"469.8725_70.5",24.223
"185.1285_112.1",24.201
"311.0398_42.2",24.194
"329.1467_32",24.181
"309.0945_222.3",24.171
"1121.7486_65.8",24.17
"206.0397_221.3",24.167
"391.8603_48.9",24.152
"352.1706_100.4",24.143
"686.6215_111.9",24.133
"715.9643_105.8",24.116
"202.9904_30.8",24.107
"243.1339_33.1",24.103
"1018.9118_95.6",24.085
"586.64_55.4",24.068
"629.4223_31.4",24.064
"192.9987_87.1",24.029
"204.0422_47",24.02
"133.0319_47.9",24.014
"1225.1346_111.7",24.01
"90.5204_241.1",24.005
"149.5488_125.7",23.971
"750.5757_55.2",23.952
"134.0448_25.6",23.934
"469.9539_78.4",23.919
"576.7013_55.8",23.911
"118.0542_33.5",23.908
"205.0972_43.2",23.908
"654.6359_24.8",23.893
"191.1027_177.7",23.872
"258.0247_69.5",23.871
"191.0566_33.8",23.868
"499.8437_136.9",23.85
"195.0558_125.2",23.842
"305.0336_294.1",23.839
"130.0863_111.4",23.838
"682.5415_30.6",23.817
"397.2082_37.6",23.791
"291.0043_82",23.788
"909.7978_66",23.786
"873.4085_26.1",23.743
"553.8335_70",23.724
"286.9419_192.2",23.718
"518.3114_36.4",23.707
"253.1646_20.9",23.707
"260.6479_155.5",23.703
"294.2154_108.3",23.695
"876.973_95.8",23.691
"319.085_70.9",23.683
"733.5565_34.2",23.679
"852.5519_40.1",23.679
"206.1274_53.5",23.657
"165.0678_262.9",23.649
"365.068_206.4",23.647
"509.0322_265.6",23.635
"287.0132_66",23.625
"340.9277_289.4",23.62
"111.0178_242.7",23.616
"1036.3312_55.1",23.582
"740.8565_69.8",23.573
"257.124_110.1",23.572
"385.1289_93.6",23.563
"505.0529_62.6",23.552
"305.2472_22.5",23.544
"804.5552_33",23.542
"375.2352_94.6",23.524
"218.1499_103.6",23.509
"371.0772_221.1",23.501
"725.8702_84.7",23.488
"391.2095_27.6",23.488
"264.087_118.2",23.478
"1073.4903_25.8",23.468
"132.1019_40.8",23.459
"163.9779_61.2",23.455
"654.7708_47.1",23.43
"275.2077_281.8",23.418
"528.411_27.1",23.396
"360.0608_293.8",23.394
"811.5315_36.4",23.392
"334.8057_55.7",23.39
"374.3266_23.7",23.362
"608.5578_52",23.353
"280.9387_288.7",23.346
"276.1668_107.6",23.334
"322.2741_26",23.327
"242.5619_168.3",23.321
"185.5895_95.8",23.32
"422.3476_26.4",23.318
"273.0742_41.5",23.287
"254.0397_224.2",23.275
"235.9207_75.1",23.275
"627.896_83.7",23.264
"222.9404_45.2",23.264
"766.7581_64",23.231
"234.5476_172.7",23.231
"437.9874_227.4",23.211
"221.0249_60.5",23.207
"913.7729_66",23.202
"440.998_175.4",23.191
"545.8925_83.5",23.184
"463.9734_83.1",23.181
"547.2693_26.7",23.178
"378.3487_26.5",23.15
"703.8908_83.6",23.119
"703.5391_26.6",23.112
"357.043_151.7",23.101
"232.1697_19.4",23.097
"87.0791_106.2",23.088
"285.3345_25",23.07
"814.5367_33.1",23.048
"434.2445_26.5",23.046
"191.0662_92.2",23.045
"410.2536_30.7",23.043
"463.9279_69.6",23.034
"110.0922_104.7",23.033
"993.2858_55",23.031
"235.1654_61.4",23.03
"805.774_65.5",23.018
"215.0095_77.1",23.008
"805.5562_34.7",23.008
"335.0736_275.8",22.99
"231.0356_102.4",22.985
"546.2828_39.5",22.98
"260.9037_63",22.965
"777.9687_54.6",22.946
"369.8668_19.2",22.943
"666.502_50.2",22.911
"490.1183_294.1",22.902
"500.2775_33.6",22.886
"132.0808_44",22.871
"359.265_92.6",22.842
"325.1619_35.9",22.84
"301.1529_29.4",22.835
"277.1699_107.4",22.832
"120.093_60.5",22.818
"446.26_33.7",22.807
"166.9944_68.1",22.8
"662.3279_43.3",22.78
"276.0008_98.2",22.778
"1170.08_51.7",22.773
"978.2895_58",22.765
"640.215_107.8",22.754
"406.7725_61",22.738
"177.9481_250.9",22.715
"822.9582_95.3",22.705
"1185.7185_65.3",22.699
"411.9105_71.5",22.696
"324.0324_217.3",22.681
"304.9738_19.2",22.658
"737.0989_26.9",22.645
"131.0492_44.2",22.63
"129.0662_32.4",22.611
"368.7297_80.4",22.581
"389.1932_40.1",22.574
"1122.7475_67.1",22.53
"746.8909_65.9",22.522
"527.1786_94.2",22.516
"92.3122_105.6",22.514
"191.0484_36.8",22.512
"202.0664_70.9",22.503
"197.3542_30.8",22.483
"237.0362_221.9",22.48
"317.9258_59.7",22.466
"419.1699_27.9",22.464
"312.7949_60.6",22.444
"134.0383_144.7",22.429
"258.1103_112.1",22.407
"309.1656_151",22.405
"147.0804_109.5",22.405
"150.0139_86.2",22.384
"145.0849_34.3",22.382
"204.0558_60.5",22.378
"253.1433_22.3",22.378
"162.0501_62.1",22.357
"448.842_60.5",22.353
"184.0277_124.6",22.326
"628.4812_53.3",22.276
"499.9451_97.9",22.245
"274.1245_62.7",22.238
"336.1402_127.4",22.237
"820.6031_81",22.194
"331.1904_23.4",22.181
"251.1503_37.5",22.178
"307.0832_263.1",22.154
"270.9971_69.8",22.144
"509.9313_20.6",22.119
"457.5724_128.3",22.11
"190.9101_62.3",22.105
"967.216_50.5",22.093
"342.2024_29.4",22.081
"458.4205_25.1",22.075
"793.5942_32.6",22.046
"235.1112_36.2",22.017
"738.2415_44.2",22.012
"359.0138_228.8",22.009
"128.0318_88.9",22.007
"667.2297_247.4",22.005
"130.1133_108.8",21.994
"242.5095_173.9",21.99
"179.5142_236",21.989
"163.0714_88.8",21.989
"134.978_41.6",21.987
"502.6778_55.7",21.985
"437.9167_70.2",21.982
"266.1475_105",21.975
"320.9222_45.7",21.972
"202.6286_104.8",21.943
"396.9609_231.2",21.936
"531.9233_125.4",21.929
"507.0057_108",21.919
"333.0174_72.5",21.915
"225.079_174.5",21.912
"483.2307_46",21.877
"330.8818_70.6",21.845
"481.2328_46.2",21.841
"324.8212_65.6",21.832
"974.9599_24.9",21.823
"264.0547_199.4",21.816
"696.6512_36.2",21.807
"1116.8896_95.6",21.802
"359.9622_43.5",21.789
"454.2929_31.4",21.786
"132.1116_43.7",21.775
"412.018_65.7",21.755
"259.0282_73.9",21.743
"99.0804_24.6",21.74
"396.9972_72.6",21.715
"156.0893_104.8",21.71
"978.4412_24.9",21.705
"1212.8171_30.1",21.653
"277.1411_21.2",21.647
"92.4652_62.5",21.638
"247.1915_29.9",21.637
"291.1428_89.6",21.625
"513.0137_107.8",21.614
"437.0191_107.2",21.605
"226.4492_214.4",21.604
"1013.6429_25.7",21.601
"400.6885_49.1",21.601
"522.0563_42.6",21.6
"382.0827_94.9",21.567
"365.3238_23.6",21.567
"952.1737_87.4",21.561
"938.8705_97.2",21.522
"269.088_45.1",21.494
"508.6973_62.6",21.492
"332.3432_25.7",21.491
"424.7019_52.7",21.473
"867.3923_26.9",21.467
"676.9097_61.1",21.461
"956.1243_111.5",21.455
"545.1846_108.4",21.448
"702.5358_31.4",21.433
"163.1093_67.9",21.432
"651.9373_98.3",21.402
"960.2593_52.9",21.388
"242.0747_96.2",21.386
"373.8353_49.3",21.382
"344.8752_175.4",21.368
"171.0166_87.2",21.366
"230.1864_47.6",21.361
"393.9581_77",21.361
"88.0391_86",21.353
"965.2176_50.2",21.336
"708.9678_108.1",21.321
"114.5946_93.4",21.29
"286.3104_25.5",21.269
"220.03_60.6",21.261
"173.0129_176.1",21.258
"205.0602_56.7",21.257
"185.0979_66.2",21.241
"116.0899_111.8",21.24
"547.8879_69.9",21.17
"217.4442_212.1",21.124
"620.9982_94.4",21.085
"233.5264_141.5",21.075
"434.637_54.7",21.074
"152.0564_168.6",21.035
"381.0795_94",21.027
"433.2416_26.4",21.017
"693.4242_26",21.003
"653.3017_25.6",20.993
"875.8034_66",20.991
"285.2058_22.2",20.959
"235.0568_101.7",20.948
"120.0113_213.5",20.931
"738.7855_65.4",20.925
"179.9856_136.3",20.918
"926.9025_107.4",20.867
"341.1077_64.1",20.845
"296.2198_38.8",20.84
"103.5322_254.4",20.806
"94.5023_285.2",20.806
"490.1691_111.5",20.804
"373.1984_27.7",20.782
"283.15_22.7",20.769
"673.9171_97.9",20.757
"236.9411_139.1",20.743
"762.738_282.2",20.737
"600.6885_57.1",20.732
"270.1197_126.8",20.725
"120.1047_44.6",20.712
"572.1826_116.2",20.678
"233.0872_69.1",20.666
"401.9135_58.2",20.659
"132.0407_145.6",20.658
"503.2697_103.9",20.649
"183.1233_55.5",20.647
"974.9499_95.5",20.633
"246.1813_91.3",20.629
"269.9499_57.3",20.612
"891.8516_98",20.565
"761.9642_59.8",20.553
"1145.2043_53.4",20.54
"132.0923_43.8",20.54
"329.9238_76.2",20.518
"738.8636_64",20.491
"86.0964_53.4",20.468
"342.2387_29.1",20.466
"584.7155_63.3",20.454
"221.9881_72.6",20.424
"112.0505_153.9",20.419
"247.1035_95.9",20.407
"598.8282_63",20.402
"387.3103_26.8",20.394
"316.2119_22.9",20.392
"490.0105_90",20.39
"161.0638_105.4",20.374
"640.6042_55.4",20.361
"619.9572_268.5",20.33
"97.1012_25.3",20.325
"296.9835_92.5",20.314
"430.8703_78.7",20.308
"1041.7602_66.1",20.285
"568.3379_36.6",20.28
"793.6482_57",20.268
"383.0774_94.6",20.263
"406.731_55.6",20.245
"314.9983_149.4",20.22
"432.1928_31.7",20.217
"270.2428_21.4",20.204
"521.3416_36",20.195
"249.9361_68.9",20.159
"960.8506_94.1",20.128
"129.3168_42",20.097
"182.0813_55.7",20.086
"237.016_188.4",20.079
"460.2633_28.3",20.065
"323.3832_245.9",20.062
"915.3131_65.9",20.002
"398.2044_26.6",19.982
"699.7817_86",19.974
"427.0951_221.9",19.96
"134.0942_110.6",19.952
"390.2_114.8",19.951
"730.9493_107.8",19.939
"352.1653_30.3",19.938
"275.1193_62.7",19.935
"964.9716_25",19.918
"431.8084_48",19.903
"521.9683_124.5",19.891
"359.1917_26.6",19.884
"341.1561_123.5",19.866
"417.9681_77.1",19.862
"476.3811_26.2",19.839
"800.9771_95.3",19.834
"323.2005_26.3",19.825
"233.0587_221.4",19.804
"157.5684_144.1",19.797
"686.1222_111.3",19.784
"447.0681_36.5",19.759
"301.2163_26.1",19.755
"722.8879_59.9",19.729
"122.0689_64.3",19.727
"790.5879_26.6",19.72
"432.2217_111",19.708
"1220.756_66",19.697
"922.0759_135.2",19.661
"135.0222_70.2",19.643
"140.0382_63",19.641
"661.294_24.2",19.641
"582.6297_61.8",19.636
"869.0091_59.2",19.604
"272.1855_23.9",19.57
"375.3662_25.5",19.562
"392.147_45.8",19.562
"381.0236_70.9",19.552
"630.2707_85.4",19.543
"860.7166_277.6",19.539
"464.9109_68.3",19.538
"620.5458_54.4",19.524
"665.4955_29.7",19.506
"304.9133_48.1",19.498
"99.5247_240.5",19.468
"235.0663_222.5",19.448
"289.1619_122.5",19.446
"657.2431_44.2",19.438
"143.0634_138",19.432
"301.0516_134.2",19.421
"124.9711_61.7",19.411
"431.3368_26.8",19.406
"799.4158_54.4",19.391
"231.0436_39.2",19.384
"335.9144_66.5",19.368
"162.9977_32.1",19.363
"744.5774_28.7",19.359
"823.8491_81.7",19.336
"427.2372_34.2",19.32
"204.1403_30.1",19.289
"385.9109_70.1",19.277
"167.086_29.4",19.269
"129.5761_116.1",19.248
"247.129_58.7",19.227
"719.2609_94.1",19.204
"372.3716_209.9",19.201
"434.1181_291.9",19.185
"173.0673_154",19.185
"921.7566_65.4",19.178
"186.0172_267.8",19.164
"1054.84_59.4",19.128
"218.1135_93.2",19.119
"148.1161_109.1",19.114
"679.9661_177.5",19.105
"869.5387_27",19.102
"550.3886_35.4",19.094
"1040.2774_55.2",19.075
"717.6227_26.6",19.067
"115.0542_28.5",19.053
"272.003_173.2",19.047
"339.9398_75.4",19.028
"663.3331_42.9",19.027
"157.1084_106.5",19.022
"470.9553_91.2",19.004
"239.9588_74.6",18.998
"308.2792_20.3",18.969
"828.5698_59.8",18.966
"91.0947_20.6",18.957
"935.1411_49.6",18.955
"286.1761_39.3",18.953
"173.0269_130.7",18.95
"654.0283_24.6",18.939
"205.1264_55",18.935
"468.0288_98.1",18.93
"139.0736_152",18.917
"506.3241_37",18.904
"215.0421_147.6",18.904
"333.0332_107.2",18.893
"309.8915_63.5",18.878
"307.115_29.4",18.873
"257.9933_54.7",18.847
"161.0077_195.9",18.844
"748.3127_50.6",18.838
"250.9732_58.2",18.838
"191.9824_63",18.824
"367.8638_72.3",18.811
"315.3448_25.6",18.802
"475.9143_73.7",18.796
"166.0725_34.6",18.794
"415.2115_26.9",18.772
"414.8843_239.3",18.769
"493.8821_46",18.763
"326.1521_62.8",18.763
"312.2897_26.1",18.762
"368.2429_27.3",18.698
"448.2111_107.9",18.693
"308.8981_43.9",18.691
"576.6826_62",18.678
"404.8219_68.5",18.669
"723.3578_94.5",18.66
"337.2359_23.5",18.645
"553.2567_25.6",18.638
"142.0652_44.9",18.607
"538.1272_100.2",18.602
"148.0501_30.1",18.583
"142.0476_75.4",18.578
"260.1137_114.7",18.575
"243.0012_46.5",18.552
"287.2774_26.5",18.549
"295.1286_40.8",18.531
"119.0833_60.8",18.522
"229.9803_75.6",18.515
"506.4056_26.6",18.432
"425.9342_83.5",18.429
"552.9305_68.3",18.416
"373.9781_98.8",18.394
"385.2446_32",18.386
"276.119_99.4",18.369
"156.5927_275.9",18.352
"529.8106_59.5",18.35
"295.9207_74.1",18.35
"392.1924_111.3",18.346
"467.7899_84.3",18.32
"437.9978_45.2",18.312
"87.1583_110.9",18.303
"489.9305_69.1",18.279
"378.116_151.8",18.266
"325.0425_111.4",18.263
"485.867_67.5",18.262
"305.1647_110.3",18.256
"329.9729_62.6",18.24
"379.2424_28.7",18.239
"189.1598_112.6",18.227
"267.2107_25.6",18.212
"226.0525_60.6",18.201
"1194.816_34.7",18.193
"143.0485_263.3",18.182
"219.0828_104.9",18.173
"642.7068_77.1",18.163
"707.2228_95.3",18.154
"367.1358_26.8",18.15
"331.34_25.9",18.145
"367.209_20.6",18.137
"1017.2946_65.9",18.099
"539.7263_48.3",18.096
"411.049_45.7",18.09
"565.4104_26.3",18.083
"752.5718_55",18.061
"806.9449_107.6",18.052
"175.0648_149.4",18.049
"538.975_175.1",18.038
"282.2427_26.3",18.025
"184.0949_59.3",17.998
"594.5086_26",17.991
"365.9961_90.4",17.985
"631.3988_40.5",17.982
"244.0302_193.2",17.981
"313.9987_63.7",17.979
"156.0267_86.4",17.978
"241.0308_194.9",17.965
"760.5856_38.9",17.911
"147.0715_280",17.874
"1074.4956_26.1",17.869
"433.9991_94.9",17.869
"104.0575_44.7",17.865
"149.057_89.2",17.862
"660.4675_51.4",17.84
"307.0436_46",17.839
"328.2632_40.3",17.833
"132.1295_43.4",17.83
"821.5882_33.3",17.825
"300.1918_36.7",17.823
"813.9411_105.4",17.817
"387.1931_26.5",17.799
"124.9999_36.9",17.786
"273.0395_293.4",17.765
"112.028_39.2",17.73
"598.8247_134.2",17.724
"243.1089_124.2",17.713
"694.9901_60.1",17.71
"858.4604_54.8",17.709
"104.3915_40.2",17.69
"167.0831_40.7",17.654
"177.007_40.1",17.646
"299.056_132.5",17.608
"1128.1534_111.4",17.597
"804.4803_53.8",17.596
"706.5256_50.2",17.584
"237.9418_142.3",17.56
"276.0429_67.6",17.558
"307.9053_43.3",17.556
"386.2081_26.4",17.545
"671.4708_27.5",17.519
"252.0819_66.4",17.517
"314.3053_25.8",17.507
"365.1056_92.5",17.501
"277.9301_280.5",17.5
"145.0846_121",17.492
"388.9486_60.6",17.485
"828.594_63.6",17.477
"904.9205_108.2",17.456
"380.1105_103.9",17.448
"329.324_25.9",17.447
"438.7206_57.6",17.447
"273.6362_136.5",17.426
"121.0848_37.8",17.411
"588.377_28.7",17.398
"831.5723_31.4",17.395
"655.8364_24.6",17.387
"86.0819_44",17.375
"200.9734_186.8",17.364
"207.9983_80.5",17.356
"308.0473_46.1",17.343
"616.6603_48.5",17.303
"187.6109_124.4",17.294
"389.9735_91.6",17.268
"403.3419_26.5",17.264
"369.9053_19.5",17.253
"278.0834_104.9",17.244
"205.1187_174.7",17.235
"132.5334_128.7",17.223
"399.4655_222.1",17.192
"487.0677_95.4",17.154
"486.7785_62.5",17.148
"942.7504_80.1",17.144
"130.0768_88.7",17.141
"204.1538_88.7",17.137
"284.0104_279.2",17.131
"191.0222_237",17.121
"246.1832_30.6",17.096
"678.3328_25.7",17.071
"247.1846_95.6",17.069
"416.2147_26.2",17.023
"570.2352_27.9",17.017
"989.6582_39.6",17.004
"508.7144_56",16.996
"1098.2391_57.1",16.99
"281.9262_135",16.988
"568.933_79.2",16.988
"425.3239_27",16.976
"367.1099_94",16.967
"421.9427_69.3",16.952
"398.2417_26.3",16.952
"275.4111_228.5",16.95
"413.1281_60.3",16.944
"522.3554_36.5",16.93
"283.1168_26.8",16.93
"112.5426_176",16.921
"152.0552_48.6",16.918
"740.5224_32.2",16.916
"561.0023_112",16.899
"665.1201_284.6",16.899
"623.3156_25.6",16.896
"298.0527_132.5",16.878
"761.3548_50",16.874
"285.9805_67.1",16.869
"263.1408_37.1",16.857
"282.1789_93.5",16.856
"517.0129_95.5",16.855
"592.3206_27.8",16.853
"335.0637_118.4",16.849
"411.9184_47.7",16.848
"469.8105_63.5",16.844
"334.9748_80.7",16.83
"927.2599_292.5",16.824
"395.9599_98",16.807
"86.0914_44.2",16.805
"471.7691_279",16.794
"286.2741_25.3",16.773
"719.8644_84.5",16.767
"960.2296_50.8",16.757
"202.1802_27.2",16.752
"285.2618_26.2",16.738
"530.534_57.2",16.735
"600.8346_65.9",16.711
"501.2808_32.8",16.709
"166.0474_47.4",16.705
"402.735_55.6",16.686
"301.8999_49.2",16.68
"178.0241_62",16.68
"615.8783_73.3",16.678
"417.2179_26.5",16.674
"1204.4722_78.1",16.668
"705.6582_82.9",16.665
"570.2189_100.1",16.664
"1004.5932_87.9",16.657
"792.5544_32.5",16.655
"97.0284_114.9",16.638
"564.9714_66.3",16.614
"229.1182_47.8",16.601
"208.0555_64.9",16.584
"174.8816_81.3",16.56
"772.5815_36.3",16.554
"136.0619_287.7",16.546
"264.0931_91.5",16.519
"266.9514_196.6",16.487
"264.1807_26.2",16.481
"114.0219_49.2",16.423
"414.8038_71",16.42
"86.6651_45.5",16.383
"1036.7432_66.1",16.375
"281.2668_25.8",16.372
"203.0526_61.1",16.371
"481.349_35.6",16.371
"388.1964_26.8",16.369
"908.3878_54.7",16.346
"197.1285_23.7",16.334
"675.4654_25",16.328
"303.0071_70.7",16.324
"371.2796_26.5",16.322
"645.123_85.1",16.304
"137.0597_25.4",16.3
"98.0089_260.8",16.299
"177.0409_34.7",16.297
"1048.0372_50.2",16.292
"281.1133_45.2",16.284
"186.149_26.1",16.279
"170.5241_131",16.278
"246.17_26.7",16.272
"657.3402_25.2",16.257
"533.459_24",16.25
"309.0914_225.3",16.231
"397.3677_27.1",16.222
"198.1043_103.1",16.212
"746.4702_49.4",16.204
"548.3003_26.8",16.193
"413.8929_60.6",16.188
"346.7405_56.7",16.176
"243.183_54",16.162
"783.4416_55.2",16.144
"649.4651_78.2",16.134
"440.0963_291.5",16.113
"215.4357_173",16.1
"531.2737_26.3",16.097
"830.5688_35.8",16.072
"176.9998_42.7",16.06
"413.2758_30.6",16.039
"260.053_47.9",16.038
"1057.7328_65.4",16.037
"268.1026_137",16.025
"674.9126_61.1",16.02
"478.9604_194.5",16.002
"235.0923_269.5",15.978
"876.3075_59.9",15.976
"415.3784_27.3",15.949
"119.0685_45.4",15.943
"633.0291_58.6",15.941
"485.065_94.6",15.888
"575.9383_97.9",15.881
"244.1293_123.7",15.876
"263.0228_174.6",15.874
"414.681_269.9",15.865
"685.9654_94.8",15.847
"211.0548_210.9",15.839
"616.858_65.5",15.836
"162.5072_196.4",15.831
"691.5073_30.1",15.825
"135.0634_19.3",15.821
"152.9913_193.5",15.792
"813.3339_66",15.788
"357.2053_26.2",15.784
"134.1062_43.4",15.766
"147.1243_107.6",15.748
"85.6096_43.5",15.738
"547.7816_59.3",15.736
"980.9143_108.4",15.735
"426.306_24",15.734
"636.9972_116.1",15.733
"89.0727_36.3",15.733
"766.668_80.7",15.716
"696.6106_55",15.712
"443.1047_94.9",15.7
"404.3451_26.4",15.696
"482.4056_26.3",15.683
"153.9485_292",15.675
"653.8243_66.4",15.674
"279.9207_201.1",15.67
"340.081_77.8",15.668
"273.038_188.5",15.667
"484.1166_164.7",15.659
"280.2_109.7",15.644
"178.9915_26.9",15.611
"709.2665_29.7",15.605
"484.1004_41.6",15.583
"298.2742_22.7",15.58
"100.2573_38.4",15.579
"383.9654_86.7",15.574
"665.1432_108",15.558
"741.6879_90.8",15.529
"252.0162_278.6",15.528
"848.0164_59.5",15.52
"181.0193_188.7",15.518
"724.8811_79.7",15.512
"654.7012_62.8",15.499
"179.0904_106.1",15.497
"295.2268_22.3",15.494
"773.0857_59.7",15.464
"95.5229_253.8",15.427
"698.9504_102.8",15.417
"607.5668_125.6",15.416
"482.2603_33.9",15.41
"285.2213_25.2",15.401
"324.0558_156.3",15.393
"1017.5951_25.2",15.391
"603.1543_126.6",15.39
"371.9084_60.5",15.364
"661.9985_222",15.352
"846.666_85.4",15.351
"656.5722_36.5",15.335
"176.005_42.5",15.333
"487.972_67.9",15.305
"506.7163_59.8",15.283
"378.0611_69.7",15.28
"999.2819_51.6",15.262
"546.3536_44.8",15.236
"509.8695_72.8",15.235
"245.9494_74.4",15.229
"291.012_262.8",15.228
"570.8094_46.8",15.213
"267.0718_111.4",15.21
"298.3105_26.1",15.201
"826.2625_49.7",15.182
"583.0409_95.2",15.167
"144.0656_278.5",15.158
"168.093_44.5",15.155
"220.8578_62.8",15.155
"790.2723_49.8",15.153
"322.9958_168.1",15.148
"103.0318_262.3",15.13
"709.5116_20.2",15.102
"261.1195_93.6",15.097
"858.5449_58",15.09
"156.0647_104.8",15.088
"198.9743_98.4",15.063
"1085.5358_26.4",15.054
"119.0856_26.8",15.038
"209.013_19",15.014
"137.1325_22.9",15.014
"569.2305_27.1",15.013
"113.1154_130",15.01
"220.8909_18.9",15.008
"133.0989_42.4",14.993
"991.2893_62",14.985
"244.1544_24.5",14.955
"149.0595_40.1",14.929
"570.8479_59.2",14.927
"275.9857_90.7",14.912
"130.1057_105.1",14.886
"152.5845_112.4",14.853
"116.6113_64.5",14.841
"539.1622_99.5",14.831
"265.9102_70.7",14.828
"1010.2822_55",14.817
"1036.8462_102.2",14.807
"1017.1292_59.6",14.807
"1095.6895_29.7",14.803
"592.2007_99.2",14.789
"571.4614_26.4",14.777
"364.0653_282.6",14.777
"1052.5406_26",14.774
"401.9055_63.2",14.774
"202.0063_69.4",14.77
"738.6779_65",14.761
"323.8689_69.9",14.756
"600.4743_39.9",14.748
"429.831_69.1",14.747
"277.93_209",14.744
"553.9001_77.5",14.743
"1176.7792_29.4",14.74
"358.0039_98.2",14.719
"458.7858_58.4",14.676
"220.0371_52.2",14.656
"238.0094_259.3",14.64
"389.136_60.4",14.625
"622.9547_95.2",14.606
"171.5254_214.6",14.6
"511.3545_33.6",14.58
"392.183_109.1",14.578
"864.8171_59.9",14.574
"411.9347_70.5",14.563
"839.5836_81.7",14.553
"577.8478_64.4",14.524
"725.4819_54.4",14.512
"435.2466_27",14.508
"504.6226_49.2",14.493
"130.0976_103.9",14.491
"177.0247_91",14.481
"315.1952_26.9",14.481
"533.9115_70.1",14.468
"307.585_257.5",14.455
"284.3312_25.4",14.455
"198.0652_253.2",14.448
"145.1224_22.1",14.428
"283.8193_48.6",14.391
"986.4986_24.5",14.361
"198.9841_229.8",14.354
"660.646_63",14.345
"386.8133_90",14.315
"396.8794_64.9",14.252
"208.0154_142.8",14.236
"466.2929_33.5",14.235
"384.9373_62",14.219
"193.9744_70",14.214
"308.0639_122",14.205
"498.1163_41.5",14.199
"103.0758_23.7",14.192
"178.1265_109",14.186
"274.1069_31.1",14.179
"444.7196_55.3",14.171
"728.33_66.4",14.169
"448.9313_46.1",14.166
"130.0652_41.2",14.15
"675.9064_60.3",14.141
"225.0346_63.6",14.141
"276.0024_23.7",14.11
"424.793_84.8",14.081
"85.0841_109.1",14.073
"825.842_66.1",14.066
"404.2193_26.7",14.064
"1019.6016_25",14.05
"177.087_95.6",14.045
"410.767_61",14.028
"466.2746_36.5",13.998
"419.0363_96.5",13.994
"215.0894_126.6",13.986
"438.2615_37.9",13.98
"972.4811_25.1",13.978
"1020.6068_25.3",13.957
"640.7305_67",13.954
"409.9209_45.9",13.906
"547.9933_65.9",13.888
"722.6611_58.5",13.887
"142.0322_223.6",13.839
"350.4767_221.7",13.834
"946.7629_65.9",13.833
"972.9818_24.9",13.83
"360.3748_25.7",13.808
"211.1053_71.9",13.792
"475.3782_26.1",13.785
"190.0823_89.9",13.778
"423.3148_26.2",13.767
"690.508_30.9",13.761
"243.9958_49.7",13.759
"342.9412_68.5",13.741
"364.0655_166.4",13.739
"1127.2335_54.1",13.71
"333.3191_25.3",13.708
"171.0458_80.5",13.706
"575.8355_65.6",13.703
"544.2678_40",13.697
"643.8627_65.8",13.691
"172.1526_125",13.688
"118.0992_25",13.674
"348.0656_122.5",13.648
"364.0607_179.7",13.643
"366.1087_92.2",13.638
"969.5781_82.7",13.632
"587.9883_91.2",13.627
"270.5877_110.1",13.604
"962.0507_59.3",13.6
"146.5247_222.1",13.599
"502.7518_61.9",13.593
"889.8072_65.4",13.59
"639.3127_25.6",13.584
"1002.8987_108",13.577
"206.0813_33.2",13.569
"162.5201_221.5",13.564
"158.4745_199.2",13.561
"405.9686_68.9",13.561
"251.098_70.9",13.555
"224.4434_259.6",13.555
"678.3015_44.3",13.539
"652.2837_44.4",13.538
"302.2196_25.9",13.524
"467.2963_32.4",13.524
"200.0406_117.1",13.501
"248.1597_118.9",13.499
"757.8211_83.8",13.473
"281.1384_26.5",13.473
"459.4238_24.8",13.425
"185.0324_82.4",13.401
"333.0643_77",13.391
"539.8572_70.6",13.387
"112.0128_136",13.351
"203.1435_30.5",13.348
"1102.3136_295.9",13.347
"180.0146_71",13.334
"388.2077_25",13.327
"545.3431_36.7",13.304
"337.9807_69.2",13.301
"343.9051_23",13.287
"235.5677_223.4",13.269
"283.1016_94.4",13.26
"621.3971_28.1",13.229
"829.5568_31.2",13.217
"362.8316_19.6",13.212
"845.0222_59.7",13.207
"215.07_31.1",13.201
"173.021_90.5",13.199
"468.726_56.6",13.175
"1184.6011_24.6",13.173
"280.4451_143.5",13.166
"411.072_223.5",13.162
"466.3291_33.2",13.13
"160.9806_245.7",13.114
"558.7215_69.1",13.106
"299.2774_26.1",13.074
"372.9767_76.5",13.065
"922.6623_82.5",13.052
"170.5089_240.1",13.041
"866.4024_54.6",12.961
"122.0875_44.6",12.961
"270.0913_45.8",12.96
"544.7219_48.8",12.934
"349.1108_73.1",12.929
"768.752_87.1",12.909
"684.1946_37.3",12.906
"749.9112_97.3",12.9
"360.9324_59.5",12.899
"142.5713_126.2",12.887
"1212.6467_83.8",12.847
"205.1373_38.4",12.839
"210.0611_53",12.812
"651.3515_65.5",12.811
"234.1448_123.4",12.804
"665.4609_31.7",12.802
"776.5631_54.2",12.801
"1084.2603_55.1",12.797
"393.115_101.8",12.791
"241.0086_61.8",12.758
"359.2213_26",12.747
"590.391_26.8",12.728
"686.5805_55.1",12.724
"100.9807_133.4",12.684
"1140.616_91.2",12.674
"606.3191_27.5",12.666
"285.1696_28",12.64
"544.3378_36.8",12.591
"355.8771_47.7",12.587
"97.1926_49.4",12.585
"600.4682_27.9",12.583
"523.3591_36.7",12.581
"305.1467_71.1",12.567
"256.1482_95.3",12.548
"604.1572_126.3",12.532
"767.7659_65.4",12.527
"172.1206_95.4",12.526
"479.524_289.8",12.523
"302.1823_102.8",12.509
"282.9521_33.1",12.503
"342.488_224",12.502
"501.0305_67.4",12.435
"256.9279_134.4",12.429
"87.0998_41.7",12.419
"232.1403_107.2",12.399
"391.9529_73.3",12.362
"751.7885_65.7",12.331
"369.929_70.2",12.33
"171.0765_79.1",12.315
"86.353_43.4",12.272
"1174.0697_50.2",12.266
"155.0792_113.4",12.264
"986.9938_24.8",12.261
"550.1998_115.3",12.258
"130.0499_241.4",12.246
"779.5405_39.1",12.245
"1198.6266_78.8",12.243
"157.0285_242.5",12.242
"447.1627_37.2",12.24
"292.9017_209.4",12.217
"1226.7012_66.5",12.215
"584.2716_30",12.212
"540.4263_24.9",12.198
"562.6325_55.3",12.197
"821.8188_65.6",12.187
"282.002_59.9",12.166
"143.0704_21.9",12.163
"731.577_33.8",12.162
"1044.7491_32.5",12.149
"90.5314_248.2",12.147
"806.5698_32.7",12.136
"107.0491_39.3",12.121
"131.0076_230.3",12.119
"1062.6959_92.4",12.089
"353.0665_222.8",12.059
"152.995_134",12.038
"271.1904_23.2",12.031
"147.0305_29.8",12.031
"136.0619_123.2",12.023
"638.3108_25.4",12.021
"360.1814_126.1",11.995
"146.1288_94.2",11.989
"401.3264_26.2",11.968
"409.9163_48.8",11.96
"196.029_193.5",11.952
"807.5725_32.6",11.945
"411.0549_262.8",11.944
"123.0304_56.4",11.93
"411.1257_58.3",11.923
"278.8754_58.2",11.906
"177.0692_174.4",11.896
"503.0675_194.4",11.89
"401.1594_27.9",11.888
"483.1067_292.3",11.886
"677.5104_36.2",11.886
"464.9601_67.7",11.872
"307.2404_37.9",11.843
"763.5924_35.4",11.826
"338.2406_26.4",11.824
"232.017_73.7",11.82
"127.3964_45.2",11.819
"478.8942_60",11.81
"664.9292_59.7",11.803
"866.5737_74",11.78
"906.9749_59.5",11.778
"265.0132_136.6",11.777
"615.9808_66.6",11.734
"427.0927_63",11.734
"522.258_33.5",11.722
"103.5261_238.8",11.719
"157.0944_277.2",11.716
"262.1431_134.2",11.704
"307.5821_248.8",11.697
"347.0251_94.9",11.69
"400.3787_25.3",11.682
"316.3212_26.1",11.674
"826.5976_52.4",11.664
"282.1418_27",11.662
"244.1805_38.6",11.62
"303.18_29.3",11.592
"760.0346_113.2",11.59
"676.554_54.2",11.588
"851.3965_26.6",11.583
"652.1384_87",11.572
"330.073_84.8",11.569
"560.0414_290.4",11.565
"214.496_222.7",11.557
"214.0341_173.1",11.546
"326.9553_280",11.544
"1116.1136_50.4",11.539
"828.553_32",11.537
"848.5203_32.2",11.532
"825.0243_59.8",11.525
"512.3446_29.7",11.523
"660.5569_31.4",11.509
"205.0642_34.3",11.509
"592.9155_228",11.508
"232.1543_25.2",11.5
"488.8293_59.9",11.492
"280.1546_40.4",11.477
"260.0531_234.6",11.467
"528.7561_62.4",11.456
"475.9519_45.8",11.443
"122.5222_193.1",11.432
"130.5091_215.1",11.399
"826.5433_31.5",11.36
"711.1839_111.2",11.35
"827.5421_30.3",11.325
"138.0894_124.6",11.312
"575.3767_53",11.311
"694.6141_54.9",11.286
"255.1087_118.7",11.275
"636.9518_176.2",11.236
"574.3454_29.9",11.218
"317.0573_113.9",11.199
"473.8396_47.5",11.193
"613.3054_29.5",11.175
"455.1738_27.7",11.127
"778.9947_90.5",11.115
"535.8235_160.3",11.09
"604.9302_88.2",11.084
"164.1363_20.3",11.049
"949.7063_155.7",11.03
"318.191_20.3",11.026
"295.1906_27.7",11.013
"188.1646_27.1",10.997
"442.1038_95.3",10.982
"317.2103_26.7",10.979
"205.0934_20.3",10.967
"283.9431_51.7",10.957
"261.9232_74.5",10.948
"253.2526_23.8",10.915
"599.9048_77.6",10.895
"534.7159_63.2",10.885
"530.7883_87.3",10.852
"262.0976_31.3",10.836
"329.9495_70.2",10.831
"111.5801_70.6",10.831
"167.1067_23",10.827
"818.915_89.4",10.81
"269.1361_28",10.806
"120.0031_235.3",10.798
"291.9993_278.2",10.794
"1114.4993_81.6",10.763
"156.0299_64.3",10.758
"383.1246_70.9",10.745
"211.0827_130.7",10.744
"86.1014_44.3",10.741
"327.2894_26.1",10.736
"783.9573_56.1",10.724
"167.0897_44.2",10.716
"519.134_30.5",10.713
"323.1675_91.6",10.684
"744.5885_31.5",10.674
"284.2584_26.4",10.607
"816.4771_55.2",10.606
"969.0395_59.5",10.589
"166.6154_279",10.559
"605.3156_28.2",10.552
"131.1009_105.6",10.551
"275.1692_118.2",10.532
"1231.7438_41.7",10.532
"107.5731_44.9",10.525
"565.4293_27",10.517
"128.0762_96.8",10.51
"284.0528_124.6",10.471
"338.0466_223",10.467
"1273.606_25.3",10.444
"259.9651_69.7",10.429
"108.1824_38.9",10.42
"268.1039_29.8",10.399
"940.0606_59.7",10.389
"160.0428_176.1",10.386
"714.1287_110.2",10.359
"261.037_96.5",10.346
"862.7548_65.3",10.345
"258.035_114.5",10.321
"514.0644_58.9",10.313
"130.0231_83.8",10.29
"212.9997_58.7",10.288
"254.1597_31.6",10.236
"420.2016_27.6",10.234
"519.3265_42.6",10.228
"134.0762_285",10.226
"324.8049_62",10.217
"209.0129_141",10.215
"338.0644_86.9",10.208
"363.9082_71.8",10.177
"285.1099_25.8",10.169
"862.9928_60",10.154
"261.0901_40.6",10.134
"356.7531_49.5",10.121
"523.0244_59.9",10.118
"1057.05_108.1",10.107
"348.3384_25.3",10.101
"1038.1602_50.1",10.098
"235.9664_45.6",10.084
"473.9556_65.4",10.071
"148.0276_79.6",10.07
"291.9766_149.5",10.066
"106.9858_196.6",10.055
"320.2068_24",10.03
"788.0617_59.9",10.027
"637.6319_111.9",10.015
"1179.5841_25.7",10.014
"243.0266_281.2",9.9913
"397.1972_37.2",9.9783
"148.0932_78.7",9.9754
"750.7027_65.9",9.9616
"364.9699_46.6",9.9505
"470.4013_37.6",9.9199
"811.4976_26.8",9.9169
"944.7178_64.8",9.9088
"638.9801_65.3",9.9066
"216.9849_83.5",9.9064
"932.48_58.8",9.8997
"132.9028_167.3",9.8991
"657.5846_30.9",9.8887
"609.8684_65.7",9.8453
"278.8497_19.9",9.845
"136.0839_27.4",9.8324
"659.2871_24.4",9.8294
"278.0632_231.8",9.8099
"155.5917_95.7",9.8078
"949.2824_50.4",9.7985
"184.0734_37.1",9.7869
"650.7818_229.3",9.7813
"205.0473_42.9",9.7501
"301.1737_66.7",9.7321
"108.5707_128.6",9.7076
"397.919_58.4",9.6842
"246.9548_131.2",9.6676
"400.2208_28",9.667
"543.1322_126",9.6593
"165.0758_27.8",9.6522
"202.1369_290.4",9.6461
"158.154_28.1",9.6299
"773.5878_35",9.6133
"811.6154_81.5",9.6122
"752.3059_25.4",9.5902
"820.8177_65.8",9.5898
"430.3892_21.1",9.5828
"748.5105_55.3",9.5748
"1246.469_81.3",9.5742
"404.3007_26.6",9.5694
"257.0744_91",9.5481
"732.872_62.9",9.4996
"325.1344_68.6",9.4932
"830.7906_97.4",9.4895
"120.0605_120.4",9.4859
"959.0712_108.4",9.4785
"155.0911_164.6",9.4772
"333.1768_115.4",9.4385
"540.6609_67.5",9.4347
"441.1004_96.8",9.4174
"450.7335_73.7",9.4053
"192.1233_286.5",9.3997
"798.6021_36.8",9.3909
"387.2271_283.9",9.3902
"101.071_88.3",9.3777
"496.4214_26.4",9.3746
"619.2865_43.8",9.3727
"545.2708_39.8",9.3708
"661.5371_31.5",9.3546
"251.1327_26.3",9.3521
"1204.6349_87.3",9.3393
"129.091_24.6",9.3194
"413.7009_97.9",9.3111
"837.6189_35.5",9.3091
"203.1139_57.1",9.2804
"99.5374_231.3",9.2781
"377.2685_26.1",9.2776
"492.71_66.4",9.2629
"926.268_32.4",9.2548
"1088.4692_80.5",9.2353
"292.1141_98.3",9.2211
"438.3789_25.4",9.2149
"914.9267_92.9",9.1761
"194.0327_104.7",9.1759
"349.0678_125.6",9.1747
"495.8212_67.9",9.1701
"242.019_59",9.1668
"808.4013_53.9",9.1627
"223.9632_250.1",9.1506
"818.5696_34.9",9.1485
"259.9457_19.3",9.1465
"982.9043_59.7",9.1426
"703.455_29.2",9.1398
"449.8351_228.9",9.1367
"139.9879_245.7",9.1302
"874.5213_58.8",9.1196
"978.6057_25.5",9.1187
"566.7558_60.1",9.0888
"244.1122_124.9",9.0246
"650.6257_69.1",9.0132
"828.9257_107.6",8.9626
"141.0658_68.1",8.9607
"325.999_68.8",8.9553
"313.0353_70.9",8.9509
"745.7647_46.9",8.9465
"232.8055_56.9",8.9422
"549.3048_26.2",8.9258
"976.3748_55",8.8883
"267.9294_48.5",8.8867
"965.3022_55.4",8.8717
"170.0607_63.4",8.8657
"184.9798_32.9",8.8268
"178.0008_244",8.8242
"426.9432_61.1",8.8061
"856.0052_59.7",8.8001
"582.4366_26.7",8.7857
"140.0983_63.4",8.7718
"390.9458_61.4",8.7581
"700.6295_59.3",8.7105
"280.1181_31.5",8.687
"281.994_76.8",8.6854
"198.8666_55.7",8.6851
"379.7049_80.4",8.649
"431.0107_104.6",8.6382
"305.9483_65.3",8.615
"582.9474_86.8",8.5909
"568.8018_79.6",8.5868
"595.7963_136.9",8.583
"1129.2319_54.2",8.5789
"336.0669_118.5",8.5773
"295.1172_27.1",8.5489
"1100.2344_54.8",8.5432
"717.891_59.1",8.5022
"839.1146_108.9",8.4996
"165.0329_73.7",8.4954
"383.3153_26.4",8.4942
"138.0526_62.1",8.4854
"405.3211_26.7",8.468
"452.3948_26",8.4469
"279.0476_95.5",8.4342
"623.2887_27",8.42
"1011.5373_83.4",8.4171
"103.0542_41.9",8.4071
"314.3418_25.7",8.3945
"789.06_59.9",8.377
"275.1714_121.5",8.352
"120.0728_51.1",8.3499
"177.1004_89.3",8.3487
"178.0277_119.4",8.3396
"1057.4975_26.4",8.3282
"720.4296_49.4",8.3191
"744.3184_49.6",8.3078
"336.0479_208.5",8.2761
"329.9078_70.2",8.2551
"220.0089_56.8",8.2538
"1138.8709_95.9",8.2064
"474.2594_36.3",8.1998
"175.1161_107.6",8.1819
"1175.7775_29.3",8.1799
"358.3679_25.5",8.1779
"872.5225_58.5",8.1543
"480.3086_33.5",8.1519
"205.1548_104.7",8.1498
"281.9453_57.3",8.1497
"124.9288_50.6",8.1462
"214.0064_74.7",8.146
"116.0342_95.7",8.1455
"900.5275_57.8",8.1316
"112.1121_138.9",8.1281
"207.9778_219.5",8.1027
"297.0692_114.4",8.0872
"190.0863_19.9",8.0826
"394.8699_67.3",8.0788
"202.1186_114.4",8.0769
"1200.7732_33.8",8.0701
"536.8528_61.7",8.0359
"392.8613_46.3",8.0313
"928.6785_83.3",8.0145
"1068.5357_25.8",7.9733
"632.9738_107.7",7.9663
"215.6476_269.4",7.964
"468.8533_136.5",7.9601
"751.4096_43.2",7.9422
"139.0026_42.5",7.9373
"404.0132_45",7.9306
"440.2772_34.9",7.9043
"847.0188_59.8",7.8761
"160.0757_28.7",7.8664
"874.4173_26",7.852
"162.0575_24.6",7.8404
"614.5719_53.2",7.838
"533.2805_26",7.8198
"298.0641_114.9",7.8018
"1036.8687_59.8",7.7971
"119.0925_60.3",7.7902
"868.243_49.3",7.747
"191.5502_222.7",7.7453
"541.7379_47.9",7.7282
"494.3243_34.8",7.7162
"204.0979_91.4",7.7112
"548.3119_40.9",7.6587
"412.2698_27",7.6447
"228.1344_34.2",7.6266
"310.8232_66.8",7.6035
"488.1687_44",7.5954
"657.3128_25.1",7.5922
"846.7818_65.7",7.587
"884.3054_50.7",7.5783
"418.2204_26.4",7.5783
"308.0812_253",7.5402
"256.0905_94.1",7.5293
"258.8967_79.5",7.5077
"175.1338_107.4",7.479
"336.2247_26.1",7.475
"480.7053_64.4",7.4058
"348.0705_127.6",7.4031
"293.0634_64.6",7.3752
"548.8211_62.7",7.3468
"204.0281_42.2",7.3453
"378.2646_23.2",7.3432
"159.0652_24.1",7.3316
"138.1076_285.7",7.3265
"688.7412_64.7",7.316
"526.293_32.2",7.3065
"483.1308_84.7",7.3042
"280.962_67.7",7.2784
"176.0295_72.2",7.2698
"239.0138_74.2",7.2633
"664.7615_283.1",7.2425
"1078.8908_108",7.2181
"313.3104_21",7.2095
"222.6555_249.8",7.2018
"629.8186_59.8",7.1607
"803.5412_30.1",7.1575
"699.5024_28.8",7.1451
"477.872_138.1",7.1287
"343.8665_211.6",7.1181
"234.1085_91.8",7.0958
"594.672_64",7.0708
"486.8471_45.9",7.0546
"241.9978_44.9",7.0298
"105.1304_42.3",7.0013
"264.1443_23.6",6.9929
"724.2617_27.3",6.9881
"179.1276_95.1",6.9637
"884.076_111.6",6.9455
"121.0778_44.5",6.9436
"738.5066_42.3",6.9327
"593.4791_25.3",6.9324
"98.5181_193.7",6.9282
"428.3734_24.4",6.9211
"630.6997_65.8",6.9012
"630.3641_66.1",6.8906
"861.6078_82.5",6.8884
"96.4361_27.1",6.8809
"253.6259_119.3",6.8748
"388.8421_256.8",6.8618
"631.3817_34.9",6.8519
"301.8873_66.9",6.7706
"365.9063_55.2",6.7562
"584.5383_50.2",6.734
"221.1698_34.8",6.7324
"385.879_68.4",6.7312
"319.14_99.8",6.7213
"121.5209_193",6.7033
"308.237_40.2",6.6783
"899.5636_82.1",6.6717
"104.0528_48.9",6.6625
"430.6812_51.7",6.6536
"324.0015_103.3",6.6514
"289.293_26.2",6.6003
"934.6042_74.8",6.5571
"123.5816_103.4",6.5338
"368.2561_26.3",6.522
"303.2317_22",6.5104
"294.9079_229.5",6.5092
"798.5642_30.7",6.4748
"534.9957_107.1",6.4595
"402.3943_25.5",6.4447
"230.1245_115.2",6.4183
"532.2783_27.6",6.4083
"765.206_238.5",6.401
"216.1341_104.6",6.4
"113.0709_90.3",6.363
"647.4587_70.9",6.3584
"1024.3053_55",6.3565
"397.2008_26.4",6.3401
"417.8877_59.6",6.3336
"638.337_26.6",6.3274
"548.7689_70.6",6.3221
"122.047_191.9",6.3059
"508.7981_60.4",6.3046
"902.0959_59.7",6.3005
"359.8375_60",6.2843
"577.104_287.7",6.2795
"1024.8778_107.6",6.278
"936.9243_60",6.197
"921.9482_59.6",6.1952
"719.4267_34.2",6.1695
"788.433_55.7",6.1669
"832.042_59.2",6.1644
"742.8004_65.5",6.1624
"159.0917_43.9",6.1499
"296.2583_24.4",6.134
"482.7236_64.9",6.1173
"116.5738_103.5",6.1164
"275.1098_27.5",6.1112
"658.5041_35.6",6.0922
"743.6759_124",6.0919
"735.3352_29.2",6.0826
"376.3692_24.9",6.0752
"465.2325_29",6.0641
"354.7553_61.1",6.0575
"143.0913_278",6.0274
"484.0113_174.8",6.0189
"378.116_30.3",6.0163
"646.5698_53.8",6.0073
"560.8661_58.3",5.9778
"875.998_59.5",5.8999
"435.6958_119.4",5.8983
"527.4347_26.4",5.8969
"226.0032_169.7",5.8898
"416.7482_73.2",5.883
"195.9683_238.1",5.8478
"471.8695_70.5",5.8421
"344.0444_65.4",5.8149
"670.4664_41",5.8112
"247.1544_27.7",5.7583
"619.7438_81.9",5.7533
"173.1366_269.2",5.7255
"363.9968_67.9",5.7063
"96.9719_29.8",5.6609
"786.9526_54.8",5.6547
"93.0447_33.8",5.6507
"787.4564_55.1",5.6479
"296.0812_108.1",5.63
"259.1728_28.7",5.6247
"369.1825_26.4",5.5939
"225.9699_49.6",5.5651
"371.2624_26.5",5.5291
"103.0372_237.1",5.5141
"885.8422_65.4",5.5024
"754.5381_32.6",5.4926
"243.0531_44.8",5.4852
"200.0683_67.8",5.4459
"114.0605_109.5",5.4269
"246.1281_41.2",5.4259
"214.0733_37.5",5.376
"231.5116_155.1",5.3704
"852.2504_32",5.2685
"580.2962_26.7",5.2606
"133.529_34.9",5.2584
"204.1342_113.6",5.2419
"148.0474_55.6",5.2204
"110.0713_290.5",5.2179
"238.6449_102.5",5.2031
"272.2583_21.2",5.1989
"359.3712_25.7",5.1947
"154.0487_57.4",5.1799
"226.8781_39",5.1582
"480.3449_34.3",5.1309
"902.5761_40.8",5.13
"166.0863_42.5",5.1112
"189.4881_197.9",5.1079
"414.2277_26",5.1013
"383.2043_25.5",5.0967
"223.0395_174.8",5.0941
"702.3197_41.2",5.0873
"255.9876_132.2",5.0766
"273.1745_99",5.0176
"1105.5077_82.3",5.0033
"531.8077_58.5",4.9841
"120.0808_42.5",4.9819
"119.0721_25.6",4.9664
"343.9594_53.1",4.9449
"142.5896_283",4.9319
"376.2175_27",4.9204
"690.5966_39.1",4.9165
"766.6424_58.3",4.9026
"194.1394_92.4",4.8872
"820.5843_33.3",4.8723
"258.17_28.1",4.8443
"287.9794_53.8",4.8432
"682.5884_55.1",4.8004
"804.661_63.7",4.7905
"214.1299_114.6",4.7843
"262.1651_24.3",4.7675
"166.1137_280.3",4.7358
"182.0015_74",4.7218
"350.7798_65",4.6954
"315.9776_67.7",4.6778
"248.9327_78.5",4.6453
"298.9927_124.6",4.6411
"476.9163_73.3",4.6296
"261.2003_94.1",4.6277
"450.081_222.7",4.6204
"682.562_48.9",4.6201
"175.0342_30",4.6194
"829.2825_292.5",4.603
"1046.4956_49",4.5904
"166.5736_138.9",4.5406
"187.1523_20.8",4.5294
"1086.2561_55.3",4.5045
"679.5143_28.4",4.4917
"136.0393_37",4.477
"212.7954_80.6",4.4619
"146.0271_37.2",4.4069
"802.5368_32.5",4.366
"220.0927_94.1",4.3592
"552.8688_61.8",4.3296
"505.7415_48.2",4.2926
"780.5534_35.1",4.2863
"736.4105_33.2",4.2767
"650.4812_47.9",4.2199
"665.2445_26.6",4.1951
"799.6038_34.8",4.1672
"415.7955_49.7",4.1414
"915.8148_65.8",4.1408
"1227.809_28.9",4.1127
"128.9824_198.6",4.1046
"403.8823_70.6",4.0695
"163.0616_41.3",4.0652
"560.7446_119.6",4.0621
"194.0319_195.2",4.0584
"818.915_285.1",4.0571
"997.8211_82.4",4.027
"835.6025_34.1",4.0236
"454.7487_54.7",4.0192
"537.0013_60.7",4.0013
"189.1679_27.8",3.9483
"465.3915_30.1",3.9366
"131.034_78.2",3.9139
"561.9499_81.3",3.8958
"268.9622_40",3.8833
"590.0328_77.8",3.8548
"777.3373_293.4",3.8421
"230.539_191.8",3.8172
"357.0007_61.7",3.8107
"546.8693_66.7",3.7465
"363.052_65.9",3.6684
"362.8752_84.6",3.6405
"133.0796_25.7",3.5665
"237.962_72.9",3.5451
"300.9366_133.9",3.5063
"924.3607_51.9",3.4306
"256.2999_25.6",3.411
"330.6759_80.3",3.3543
"93.0699_30.3",3.3475
"620.4891_47.7",3.3467
"293.2183_104.9",3.2712
"160.0798_88.1",3.2354
"550.8715_61.5",3.2186
"1022.8948_59",3.2095
"316.9388_67.8",3.1541
"206.0369_138.9",3.1529
"432.9521_89.2",3.1172
"692.5953_52.5",3.083
"437.3602_28.1",3.0649
"122.058_126.3",3.0533
"1107.0334_59.9",3.0508
"925.3196_51.6",3.0109
"273.2617_26.9",2.9532
"150.0584_49",2.9401
"586.7869_85.6",2.9386
"335.9646_78.2",2.9067
"930.4811_58.4",2.85
"723.0992_132",2.8162
"924.2099_52.2",2.8125
"1024.7502_85.2",2.772
"902.3142_60.1",2.7221
"632.7835_63.7",2.6797
"515.9451_71.3",2.6668
"415.0572_26.5",2.6486
"98.0964_285",2.6461
"284.0091_66.7",2.6332
"453.8989_70",2.6316
"547.3591_35.8",2.6179
"87.0934_43.3",2.612
"91.528_243.9",2.4842
"632.6852_73.4",2.4774
"886.2988_49.4",2.455
"646.0209_222.8",2.335
"1094.2892_54.9",2.3337
"235.9507_258.8",2.3316
"410.7723_67.4",2.304
"261.0113_58",2.2713
"205.1087_33.4",2.2685
"618.0971_99.2",2.13
"528.8812_64.4",2.0569
"882.5754_112.4",2.032
"92.0286_43.5",2.0109
"161.092_83.6",1.8877
"333.063_284.7",1.8606
"344.156_119",1.8544
"558.3528_33.9",1.8268
"202.9972_143.9",1.7441
"262.1591_127.8",1.7411
"178.0086_88.2",1.6279
"659.9258_66.2",1.6117
"299.9022_49.4",1.5222
"1048.6063_90.9",1.4376
"115.5785_113.8",1.4077
"880.6224_80.7",1.4007
"512.1574_88.7",1.3533
"261.1558_127.1",1.3507
"226.0798_87",1.2524
"123.5942_94.1",1.1582
"98.5152_279.4",1.1011
"511.1743_98.7",1.0992
"94.9295_45.4",1.0985
"956.6719_86.7",0.99842
"442.2898_38.2",0.9882
"106.1106_41.6",0.9813
"1091.729_65.7",0.91452
"334.1397_41.9",0.86515
"465.9243_70.2",0.85806
"511.3601_30",0.80662
"307.9467_73.8",0.68365
"267.1085_115.8",0.66379
"265.0351_44.3",0.65468
"318.9694_58",0.62378
"95.5229_39.6",0.61154
"776.5729_28",0.53183
"454.6987_60.6",0.51116
"468.3896_26.6",0.34487
"210.9769_78.6",0
