"","FC","log2(FC)","raw.pval","-log10(p)"
"229.1548_42.5",12.909,3.6904,1.3685e-10,9.8637
"213.1235_66.6",50.959,5.6713,2.065e-09,8.6851
"215.1391_40.9",6.4103,2.6804,8.5664e-08,7.0672
"302.15_37.6",27.055,4.7578,1.2364e-06,5.9078
"230.1581_50.1",7.7615,2.9563,4.1707e-06,5.3798
"113.5868_100.1",9.1468,3.1933,8.4831e-06,5.0714
"245.1688_104",47.146,5.5591,9.5516e-06,5.0199
"212.9573_44.5",2.515,1.3306,1.5905e-05,4.7985
"376.2268_28.8",0.072236,-3.7911,1.6442e-05,4.784
"262.1398_126.3",2.366,1.2424,2.0472e-05,4.6888
"159.0278_41.8",2.3348,1.2233,2.3678e-05,4.6256
"166.1212_98",0.13912,-2.8456,2.7904e-05,4.5543
"228.9523_47.2",4.2569,2.0898,3.0776e-05,4.5118
"195.0741_87.5",28.614,4.8386,4.1484e-05,4.3821
"343.1301_29.8",6.8574,2.7777,6.0982e-05,4.2148
"144.6052_90.2",0.28345,-1.8189,6.167e-05,4.2099
"173.0921_86.3",11.323,3.5012,7.2003e-05,4.1426
"120.1019_37",2.6451,1.4033,7.4413e-05,4.1283
"154.0377_43.7",13.832,3.79,8.8332e-05,4.0539
"334.1798_33.2",0.17777,-2.4919,8.8649e-05,4.0523
"110.0349_42.9",4.2289,2.0803,0.00010027,3.9988
"380.2523_28.8",0.20693,-2.2728,0.0001162,3.9348
"203.1061_32.4",4.9373,2.3037,0.00011968,3.922
"304.1867_42.1",0.23367,-2.0975,0.00014315,3.8442
"346.2332_33.7",0.27609,-1.8568,0.00015325,3.8146
"186.1055_290.5",0.26316,-1.926,0.00015599,3.8069
"239.1366_30.2",0.43539,-1.1996,0.00017836,3.7487
"333.2212_35.9",0.26356,-1.9238,0.00019075,3.7195
"319.1856_27.5",0.42281,-1.2419,0.00020787,3.6822
"345.2247_93.9",0.17863,-2.485,0.00021213,3.6734
"313.1547_30.5",0.30937,-1.6926,0.00021296,3.6717
"302.2074_34.3",0.26137,-1.9358,0.00023186,3.6348
"465.271_33",0.32339,-1.6286,0.00023604,3.627
"267.1711_20.8",0.34746,-1.5251,0.00023608,3.6269
"364.2233_30",0.26143,-1.9355,0.0002709,3.5672
"338.2051_28.6",0.20513,-2.2854,0.00028118,3.551
"332.2179_35.9",0.28871,-1.7923,0.00031587,3.5005
"154.0439_49.9",4.6214,2.2083,0.00033262,3.4781
"347.2365_33",0.22073,-2.1796,0.00033664,3.4728
"330.2387_30.1",0.30375,-1.719,0.0003467,3.46
"473.2972_35",0.31256,-1.6778,0.0003531,3.4521
"408.2496_31.1",0.21217,-2.2367,0.0003545,3.4504
"288.1918_22.2",0.29989,-1.7375,0.00036758,3.4346
"390.2093_127.6",0.14452,-2.7906,0.00037481,3.4262
"358.2701_26.9",0.32662,-1.6143,0.00038281,3.417
"289.2063_89.6",0.10387,-3.2672,0.00038522,3.4143
"316.2232_32.9",0.28456,-1.8132,0.00043013,3.3664
"187.1441_92.3",0.32676,-1.6137,0.000435,3.3615
"244.1657_99.5",5.7282,2.5181,0.00044434,3.3523
"193.1133_285.9",0.31581,-1.6629,0.00046132,3.336
"528.3757_27.3",0.34554,-1.5331,0.00047132,3.3267
"459.2809_34",0.32211,-1.6344,0.00047605,3.3223
"445.2657_35.5",0.30245,-1.7252,0.00048675,3.3127
"301.1191_30.2",2.8645,1.5183,0.00048825,3.3114
"290.1711_45.7",0.23779,-2.0722,0.00051257,3.2903
"135.084_90.8",0.39318,-1.3468,0.00051919,3.2847
"647.4134_27.1",0.077602,-3.6878,0.00052806,3.2773
"187.1078_71.5",7.3675,2.8812,0.00053367,3.2727
"461.2605_38.6",0.35042,-1.5128,0.00056171,3.2505
"536.3416_30.2",0.19755,-2.3397,0.00058933,3.2296
"361.2447_94.4",0.2345,-2.0923,0.00059394,3.2263
"345.2577_27.5",0.32164,-1.6365,0.00060174,3.2206
"253.1523_29.4",0.3391,-1.5602,0.00065268,3.1853
"416.2501_34.9",0.25991,-1.9439,0.0006594,3.1808
"479.1214_40.6",2.9199,1.5459,0.0006613,3.1796
"290.1644_123",0.42829,-1.2233,0.00066506,3.1771
"493.3023_29.7",0.32228,-1.6336,0.00067158,3.1729
"280.175_25.2",0.36606,-1.4499,0.00068548,3.164
"137.0457_42.8",2.2711,1.1834,0.00068872,3.162
"429.3073_27.8",0.40102,-1.3183,0.00069835,3.1559
"159.1493_23.2",9.8024,3.2931,0.00071618,3.145
"272.1717_96.1",15.074,3.914,0.00071776,3.144
"253.1294_96.5",7.3392,2.8756,0.00071865,3.1435
"437.2736_28.4",0.22092,-2.1784,0.00075387,3.1227
"360.2127_37.1",0.28723,-1.7997,0.00077493,3.1107
"362.211_29.9",0.21163,-2.2404,0.0007754,3.1105
"365.0627_184.7",0.21826,-2.1959,0.00077997,3.1079
"217.1185_73.4",3.6767,1.8784,0.00078144,3.1071
"393.2132_36.2",0.3201,-1.6434,0.00078694,3.1041
"303.2109_33",0.282,-1.8262,0.00078721,3.1039
"516.3385_34.2",0.28744,-1.7987,0.00078925,3.1028
"559.345_31.3",0.1311,-2.9312,0.00079213,3.1012
"153.041_48.2",5.1379,2.3612,0.00082709,3.0824
"318.2025_38.8",0.26231,-1.9306,0.00084591,3.0727
"378.2392_31.5",0.247,-2.0174,0.0008815,3.0548
"265.6742_279.2",0.42968,-1.2187,0.00089594,3.0477
"187.132_94.2",0.3084,-1.6971,0.00090017,3.0457
"331.242_30.3",0.27604,-1.857,0.0009375,3.028
"460.2846_34.4",0.24715,-2.0165,0.00095978,3.0178
"592.3709_29",0.32951,-1.6016,0.00098348,3.0072
"317.2261_32.4",0.25718,-1.9592,0.00099116,3.0039
"459.3177_29.9",0.40785,-1.2939,0.00099923,3.0003
"457.3391_26.9",0.36121,-1.4691,0.0010058,2.9975
"449.2749_28.9",0.40741,-1.2955,0.0010322,2.9862
"238.1074_27.7",3.6589,1.8714,0.0010428,2.9818
"613.4286_27",0.32038,-1.6421,0.0010431,2.9817
"514.3605_27.8",0.29286,-1.7717,0.0010579,2.9756
"352.1866_36.9",0.24241,-2.0445,0.0010924,2.9616
"368.1605_32",0.28763,-1.7977,0.0011106,2.9544
"502.3234_33.3",0.36189,-1.4664,0.0011256,2.9486
"220.1181_30.1",2.2118,1.1452,0.0011342,2.9453
"304.1809_125.4",0.21619,-2.2096,0.0011417,2.9424
"394.2338_31.9",0.27873,-1.843,0.0011782,2.9288
"350.2062_31",0.21943,-2.1882,0.0012187,2.9141
"114.1026_97.6",2.3302,1.2205,0.001268,2.8969
"163.5948_95.7",0.088722,-3.4946,0.0012914,2.889
"245.1861_29.7",0.36895,-1.4385,0.0013175,2.8803
"310.173_29.9",0.19472,-2.3606,0.0013519,2.8691
"345.2132_39.1",0.35289,-1.5027,0.0013965,2.855
"399.1446_133.3",3.0255,1.5972,0.0013984,2.8544
"200.6186_289.7",0.27944,-1.8394,0.0014026,2.8531
"270.1923_92.9",0.30709,-1.7033,0.0014027,2.853
"359.2289_37.4",0.36872,-1.4394,0.0014088,2.8512
"180.1181_285.7",0.1287,-2.9579,0.0014099,2.8508
"638.2698_45",0.28858,-1.793,0.0014195,2.8479
"216.14_289.2",0.32537,-1.6199,0.0014301,2.8446
"190.9954_51.1",3.9237,1.9722,0.0014365,2.8427
"412.165_29.7",4.2903,2.1011,0.0014415,2.8412
"261.1235_30.5",24.014,4.5858,0.0014459,2.8399
"450.2796_31.2",0.40543,-1.3025,0.0015062,2.8221
"322.1428_97.6",0.20594,-2.2797,0.0015277,2.816
"507.2825_32",0.30427,-1.7166,0.001538,2.813
"124.0144_34.4",3.6579,1.871,0.0016769,2.7755
"179.1282_273.3",0.23308,-2.1011,0.0017503,2.7569
"344.2544_28.4",0.2938,-1.7671,0.0018069,2.7431
"307.0432_99.9",2.0608,1.0432,0.0018561,2.7314
"247.111_36.5",6.3288,2.6619,0.0018808,2.7256
"291.1662_127.1",0.27638,-1.8553,0.0018906,2.7234
"363.8584_19.5",0.089427,-3.4831,0.0019185,2.717
"145.1336_30.3",16.121,4.0108,0.0019303,2.7144
"125.0427_33.9",2.451,1.2934,0.0019375,2.7128
"380.218_34.6",0.28896,-1.7911,0.0019526,2.7094
"104.0706_43.1",2.3523,1.2341,0.0019659,2.7064
"407.2286_33.8",0.31571,-1.6633,0.0020612,2.6859
"366.2024_37",0.32524,-1.6204,0.0020818,2.6816
"322.187_89.7",0.4365,-1.1959,0.0021258,2.6725
"313.0644_131.4",0.4191,-1.2546,0.0021399,2.6696
"274.176_37.2",0.25874,-1.9504,0.0022186,2.6539
"192.1058_112.3",0.26206,-1.932,0.0022361,2.6505
"472.3131_34.3",0.35658,-1.4877,0.0022683,2.6443
"375.8326_49.7",0.094618,-3.4017,0.002315,2.6355
"203.6276_263.7",0.17745,-2.4945,0.0023241,2.6337
"319.1723_123.9",0.33789,-1.5654,0.0023926,2.6211
"124.0393_32.3",2.0183,1.0131,0.0024063,2.6187
"122.5864_102.8",3.7296,1.899,0.0025432,2.5946
"915.4578_25",0.091412,-3.4515,0.0025676,2.5905
"178.0863_21.9",2.6298,1.395,0.0025851,2.5875
"353.2237_27.6",0.21442,-2.2215,0.0026562,2.5757
"331.234_94.6",0.10772,-3.2146,0.0026915,2.57
"495.281_31.3",0.44999,-1.152,0.0026988,2.5688
"221.1214_32.7",2.0317,1.0227,0.0027499,2.5607
"228.1173_99.3",3.9656,1.9875,0.0027994,2.5529
"282.1529_34.9",0.29344,-1.7689,0.0028703,2.5421
"175.0016_42.5",2.2196,1.1503,0.0029934,2.5238
"304.1649_32.8",0.38387,-1.3813,0.0030453,2.5164
"562.3587_27.3",0.22448,-2.1553,0.0030648,2.5136
"124.5915_94.8",0.30308,-1.7222,0.0031128,2.5068
"362.2032_128.3",0.33016,-1.5988,0.0031616,2.5001
"174.1181_98.3",0.31341,-1.6739,0.0031906,2.4961
"443.3228_27.1",0.46746,-1.0971,0.0032156,2.4927
"302.1235_37.8",2.4661,1.3022,0.0032924,2.4825
"158.1051_288.4",0.31349,-1.6735,0.003366,2.4729
"249.1268_34.3",0.32076,-1.6404,0.0033859,2.4703
"561.0582_92.5",0.19119,-2.3869,0.0033992,2.4686
"298.0969_143.3",2.3715,1.2458,0.0034668,2.4601
"222.6626_94.7",0.2329,-2.1022,0.0035191,2.4536
"256.1765_113.7",0.31303,-1.6756,0.0035436,2.4506
"360.2321_20.5",0.41847,-1.2568,0.0035594,2.4486
"265.1548_32.6",0.38311,-1.3842,0.0036287,2.4402
"279.1705_30.2",0.39858,-1.3271,0.0036639,2.4361
"244.6628_85.6",0.17992,-2.4745,0.0037592,2.4249
"232.1732_29.5",0.46191,-1.1143,0.0038475,2.4148
"196.6107_124.2",0.11808,-3.0821,0.0038844,2.4107
"375.2028_33",0.23628,-2.0815,0.0039411,2.4044
"352.2205_27.8",0.21139,-2.242,0.0040472,2.3928
"318.1811_30.5",0.43949,-1.1861,0.0040643,2.391
"332.5608_284.9",2.0713,1.0505,0.0040738,2.39
"345.1444_37.1",0.2472,-2.0163,0.0041218,2.3849
"481.1365_40.1",15.291,3.9346,0.0041292,2.3841
"444.2816_35.9",0.4333,-1.2066,0.0041571,2.3812
"398.0402_46.6",2.2068,1.1419,0.0041594,2.381
"615.4089_29.9",0.16173,-2.6283,0.0041623,2.3807
"403.2551_36.1",0.38156,-1.39,0.0041839,2.3784
"828.866_81.8",0.21259,-2.2338,0.004199,2.3769
"136.0142_43.5",4.0975,2.0347,0.0042006,2.3767
"593.6633_291.4",0.027454,-5.1869,0.0042561,2.371
"186.1364_272.7",0.32132,-1.6379,0.004374,2.3591
"231.1704_32.2",0.48782,-1.0356,0.0045356,2.3434
"246.1892_30",0.41163,-1.2806,0.0045962,2.3376
"89.1073_96.6",2.0392,1.028,0.0046957,2.3283
"363.1987_127.1",0.20576,-2.281,0.004714,2.3266
"529.9196_85.1",6.9392,2.7948,0.0047454,2.3237
"150.0775_39.5",4.5058,2.1718,0.0048082,2.318
"359.2729_27.2",0.43855,-1.1892,0.0048225,2.3167
"408.2129_34",0.31119,-1.6842,0.004893,2.3104
"142.0265_116.9",3.1748,1.6666,0.0050012,2.3009
"374.2288_35.2",0.26081,-1.9389,0.005037,2.2978
"387.2602_33.2",0.44418,-1.1708,0.0051326,2.2897
"458.2973_34",0.41985,-1.252,0.0051481,2.2884
"394.1971_40.4",0.23763,-2.0732,0.0051577,2.2875
"643.4025_28.7",0.27109,-1.8832,0.0053259,2.2736
"180.0873_40.1",2.5472,1.3489,0.005375,2.2696
"294.1111_120.8",0.11865,-3.0752,0.0053899,2.2684
"396.1056_126.9",4.8902,2.2899,0.0054072,2.267
"212.1025_69.6",3.3521,1.7451,0.0054189,2.2661
"331.1972_41.1",0.20096,-2.315,0.0054818,2.2611
"345.9232_70.6",3.5206,1.8158,0.0054998,2.2597
"202.6343_286",0.29101,-1.7808,0.0055922,2.2524
"209.1319_289.4",0.30437,-1.7161,0.0056021,2.2516
"620.3653_29",0.22785,-2.1339,0.0056357,2.2491
"303.2028_98",0.24101,-2.0528,0.0056536,2.2477
"445.3019_33.8",0.45733,-1.1287,0.0058108,2.2358
"218.1577_30.4",0.428,-1.2243,0.0059475,2.2257
"346.197_40.2",0.25514,-1.9706,0.0060012,2.2218
"184.0733_132.1",2.3841,1.2535,0.0060567,2.2178
"550.3245_29.7",0.37425,-1.4179,0.0060901,2.2154
"431.2865_34.9",0.49013,-1.0288,0.0062639,2.2032
"585.3977_28.7",0.40728,-1.2959,0.0063628,2.1964
"103.5091_39.7",3.0565,1.6119,0.0063821,2.195
"231.0985_57.9",4.3906,2.1344,0.0065233,2.1855
"91.0582_67.4",2.4769,1.3085,0.0066037,2.1802
"108.5764_115.9",3.6798,1.8796,0.0066253,2.1788
"270.3972_105.5",0.010494,-6.5743,0.0066345,2.1782
"336.1917_34.3",0.29855,-1.744,0.0066716,2.1758
"253.118_42.2",0.46085,-1.1176,0.006811,2.1668
"161.1366_38.8",5.2892,2.403,0.0068137,2.1666
"673.9959_290.3",2.7085,1.4375,0.007173,2.1443
"185.1034_285",0.38482,-1.3777,0.0072349,2.1406
"373.2448_35.1",0.3795,-1.3978,0.0072513,2.1396
"416.2948_29.3",0.34929,-1.5175,0.0072561,2.1393
"195.6266_288.4",0.40843,-1.2918,0.0072842,2.1376
"435.2604_31.5",0.44612,-1.1645,0.0073369,2.1345
"281.1496_35.3",0.40507,-1.3038,0.0073675,2.1327
"238.1473_105.3",0.29714,-1.7508,0.0074429,2.1283
"478.1259_39.8",10.134,3.3411,0.0075198,2.1238
"422.0264_132.1",0.37408,-1.4186,0.0077228,2.1122
"507.1538_41.1",3.8183,1.9329,0.0077827,2.1089
"366.923_62.1",0.034246,-4.8679,0.0077951,2.1082
"294.1812_92.5",0.40554,-1.3021,0.0078179,2.1069
"212.0528_35",6.5277,2.7066,0.007938,2.1003
"220.6216_286.1",0.45882,-1.124,0.008016,2.096
"90.055_63.2",2.0305,1.0219,0.0081191,2.0905
"297.1269_33",0.36155,-1.4677,0.0081424,2.0892
"431.25_36",0.37191,-1.427,0.0081496,2.0889
"192.1111_276.6",0.39577,-1.3373,0.0082474,2.0837
"548.3438_28.3",0.39173,-1.3521,0.0083299,2.0794
"203.1391_41.9",0.44681,-1.1623,0.0085159,2.0698
"230.1501_103.9",0.22639,-2.1431,0.0085494,2.0681
"332.1921_127.5",0.43732,-1.1932,0.0086044,2.0653
"423.2238_34.7",0.45483,-1.1366,0.0087552,2.0577
"479.2962_33.2",0.39307,-1.3471,0.0087968,2.0557
"206.1216_58.2",0.24341,-2.0385,0.0088649,2.0523
"401.2759_32.3",0.49607,-1.0114,0.0088726,2.0519
"389.2393_38",0.40365,-1.3088,0.0088818,2.0515
"149.0744_30.7",3.532,1.8205,0.0090392,2.0439
"166.6183_287.7",0.3259,-1.6175,0.0090636,2.0427
"254.1556_28.7",0.49316,-1.0199,0.0091209,2.04
"181.1259_94.4",0.25094,-1.9946,0.0092204,2.0352
"377.1455_41",2.089,1.0628,0.0092558,2.0336
"187.1554_31.1",3.6451,1.866,0.0095804,2.0186
"274.1874_93.7",0.47631,-1.07,0.0096086,2.0173
"451.2551_34.9",0.36185,-1.4665,0.0098071,2.0085
"570.6404_55.6",0.40867,-1.291,0.0098333,2.0073
"168.0999_126.9",0.31216,-1.6796,0.010193,1.9917
"100.5915_95",0.34475,-1.5364,0.01023,1.9901
"329.1496_34.3",0.24329,-2.0393,0.010313,1.9866
"214.0609_251.9",0.32347,-1.6283,0.010408,1.9826
"296.1692_30.4",0.49455,-1.0158,0.010486,1.9794
"174.135_94",0.43084,-1.2148,0.010536,1.9773
"113.3901_110.4",2.8304,1.501,0.010726,1.9696
"278.6001_290.6",0.23276,-2.1031,0.010874,1.9636
"153.5569_136.1",2.7744,1.4722,0.010984,1.9592
"223.9722_75.4",4.7368,2.2439,0.011129,1.9535
"234.0012_181.2",3.5964,1.8466,0.011165,1.9522
"236.0918_31.3",5.2829,2.4013,0.011287,1.9474
"173.6079_127.1",0.19868,-2.3315,0.011295,1.9471
"427.5491_289.9",3.5401,1.8238,0.011312,1.9465
"188.1434_274.6",0.43388,-1.2046,0.011416,1.9425
"194.1213_282.6",0.49369,-1.0183,0.011473,1.9403
"326.1823_93.7",0.11498,-3.1205,0.011568,1.9367
"217.1548_27.8",0.48053,-1.0573,0.011672,1.9328
"208.6343_95.1",0.22859,-2.1292,0.011986,1.9213
"187.6292_281.7",0.38656,-1.3712,0.012128,1.9162
"242.0052_131.5",3.3061,1.7251,0.012297,1.9102
"989.8294_98.3",9.3915,3.2314,0.012402,1.9065
"551.9564_78.8",4.335,2.116,0.012457,1.9046
"234.153_40.2",0.46497,-1.1048,0.012496,1.9032
"221.0955_39.3",0.30479,-1.7141,0.012508,1.9028
"476.2772_33.7",0.38119,-1.3914,0.012522,1.9023
"415.1014_43.3",2.5222,1.3347,0.012745,1.8947
"312.1775_285.5",0.40826,-1.2924,0.012766,1.894
"235.1482_126.4",0.28081,-1.8323,0.012906,1.8892
"203.1503_90.9",2.349,1.232,0.013008,1.8858
"366.8615_84.7",0.18725,-2.417,0.013158,1.8808
"195.1514_267.3",0.29652,-1.7538,0.013288,1.8766
"359.8999_70.2",2.9453,1.5584,0.013381,1.8735
"508.156_39.6",4.5651,2.1906,0.013482,1.8703
"321.9651_71.3",2.6786,1.4215,0.013523,1.8689
"300.1297_121.9",0.38157,-1.39,0.013525,1.8689
"491.3226_27.1",0.32774,-1.6094,0.013626,1.8656
"186.0775_126.5",2.8946,1.5334,0.013667,1.8643
"359.921_70.7",3.038,1.6031,0.013749,1.8617
"124.0645_34.3",3.8878,1.959,0.013759,1.8614
"487.3125_33.5",0.3029,-1.7231,0.013885,1.8575
"182.1031_125.7",0.18494,-2.4349,0.013972,1.8548
"299.1003_135.3",2.3489,1.232,0.014029,1.853
"115.1059_95.8",2.877,1.5245,0.01406,1.852
"464.1101_46.5",3.0852,1.6254,0.014438,1.8405
"251.1733_94.5",0.20075,-2.3166,0.014517,1.8381
"216.6445_95.5",0.094835,-3.3984,0.014601,1.8356
"408.1395_119.1",2.4207,1.2754,0.015058,1.8222
"188.6313_287.7",0.34663,-1.5285,0.015094,1.8212
"676.2862_42.5",0.39841,-1.3277,0.015231,1.8173
"332.2877_25.4",0.47587,-1.0714,0.015272,1.8161
"400.5509_264",4.8917,2.2903,0.015578,1.8075
"219.0714_70.8",0.41292,-1.2761,0.015718,1.8036
"782.9599_54",0.3141,-1.6707,0.015949,1.7973
"487.2149_32.3",2.2758,1.1864,0.016174,1.7912
"377.9842_74.8",4.5558,2.1877,0.016403,1.7851
"403.9486_76.4",2.308,1.2066,0.01641,1.7849
"366.1993_34.5",0.45721,-1.1291,0.016427,1.7844
"429.1526_122.6",3.7385,1.9024,0.016445,1.784
"228.1708_96.1",0.42049,-1.2498,0.016516,1.7821
"142.0489_133.6",2.2036,1.1399,0.016551,1.7812
"339.1931_285",3.0108,1.5902,0.016656,1.7784
"423.2578_28.9",0.42656,-1.2292,0.016734,1.7764
"322.1763_34.9",0.31108,-1.6846,0.016743,1.7762
"201.6447_277.6",0.37725,-1.4064,0.016845,1.7735
"563.8628_70.5",2.9308,1.5513,0.016873,1.7728
"109.5786_105.1",0.49712,-1.0083,0.017066,1.7679
"463.2914_28.1",0.43646,-1.1961,0.017086,1.7674
"195.129_292.6",0.37559,-1.4128,0.017358,1.7605
"149.9929_69.7",2.1026,1.0721,0.017381,1.7599
"289.195_26.9",0.36798,-1.4423,0.01764,1.7535
"801.5338_26.2",2.9976,1.5838,0.017752,1.7507
"124.9998_123.2",3.1251,1.6439,0.017894,1.7473
"405.8845_73",4.0596,2.0213,0.018009,1.7445
"380.9834_213.6",2.3548,1.2356,0.018148,1.7412
"200.076_139.1",2.1002,1.0705,0.018178,1.7405
"215.016_86.1",0.33393,-1.5824,0.018316,1.7372
"368.1946_28.3",0.329,-1.6038,0.018418,1.7348
"492.282_30.9",0.36432,-1.4567,0.018599,1.7305
"878.5397_81.1",2.1203,1.0842,0.01882,1.7254
"347.0523_45",5.2028,2.3793,0.018965,1.7221
"205.1295_110.2",3.0939,1.6294,0.019166,1.7175
"185.0768_131.5",2.9475,1.5595,0.019897,1.7012
"441.9245_73.7",0.17554,-2.5101,0.019927,1.7005
"190.1267_40.6",0.47654,-1.0693,0.020155,1.6956
"255.1315_33.6",0.49781,-1.0063,0.020241,1.6938
"167.9649_70",4.5336,2.1807,0.020395,1.6905
"539.0216_113.4",2.097,1.0683,0.02041,1.6902
"471.3543_27",0.221,-2.1779,0.020533,1.6875
"180.6214_286.5",0.3825,-1.3865,0.020575,1.6867
"168.0632_29.8",2.0729,1.0516,0.02068,1.6844
"250.913_45.4",2.8332,1.5024,0.020778,1.6824
"499.7343_288.5",3.3562,1.7468,0.020795,1.682
"153.1638_26.8",0.23869,-2.0668,0.020908,1.6797
"137.0751_42.4",3.6416,1.8646,0.021225,1.6732
"298.1158_41.8",0.3882,-1.3651,0.021236,1.6729
"347.2289_97.2",0.46315,-1.1105,0.021984,1.6579
"419.9259_80.3",2.8261,1.4988,0.022202,1.6536
"273.0955_106.2",3.9972,1.999,0.022937,1.6395
"206.0554_129.4",2.9677,1.5694,0.023065,1.637
"351.8902_64.8",3.3791,1.7566,0.023741,1.6245
"380.8344_47.1",0.2488,-2.007,0.023919,1.6213
"103.1232_34.4",4.2009,2.0707,0.024044,1.619
"689.89_98.5",5.8913,2.5586,0.024266,1.615
"423.9759_73",2.6159,1.3873,0.024496,1.6109
"214.9556_43.5",3.0682,1.6174,0.024664,1.6079
"374.2399_102",0.25321,-1.9816,0.024737,1.6067
"208.6526_277",0.41193,-1.2795,0.02512,1.6
"384.2384_27.5",3.0607,1.6139,0.025372,1.5956
"395.2925_26.4",0.4241,-1.2375,0.025404,1.5951
"659.9317_60.8",0.35852,-1.4799,0.025443,1.5944
"96.7264_102.9",0.038053,-4.7158,0.025502,1.5934
"145.1078_105.1",0.41779,-1.2592,0.025586,1.592
"487.2134_275",2.0823,1.0582,0.025635,1.5912
"354.2_29.8",0.49305,-1.0202,0.025661,1.5907
"360.0841_46.2",2.1489,1.1036,0.025769,1.5889
"137.0167_42",2.7095,1.438,0.025817,1.5881
"522.9698_109.3",2.2974,1.2,0.025841,1.5877
"378.069_110.5",2.389,1.2564,0.025918,1.5864
"341.3051_26.9",0.39941,-1.324,0.026135,1.5828
"271.0945_106.1",0.41134,-1.2816,0.026628,1.5747
"617.3575_65.4",0.27177,-1.8795,0.026787,1.5721
"937.0904_108",2.1836,1.1267,0.026803,1.5718
"802.5953_31.2",0.19228,-2.3787,0.026811,1.5717
"255.6553_65.6",0.092974,-3.427,0.027141,1.5664
"405.0194_97.2",2.6166,1.3877,0.027351,1.563
"272.2948_27",0.15011,-2.7359,0.027486,1.5609
"552.9119_75.9",0.35692,-1.4863,0.027698,1.5576
"233.6423_270.1",0.3572,-1.4852,0.027912,1.5542
"524.979_96.3",2.4174,1.2735,0.027973,1.5533
"264.0762_132.7",0.4843,-1.046,0.028079,1.5516
"143.9881_74.9",2.5542,1.3529,0.028701,1.5421
"242.0997_32.4",2.3387,1.2257,0.028748,1.5414
"321.9482_82.7",2.1887,1.1301,0.029206,1.5345
"313.2738_25.4",0.44445,-1.1699,0.029609,1.5286
"262.1478_40.2",0.4788,-1.0625,0.02961,1.5286
"147.121_47.8",2.1033,1.0727,0.029858,1.5249
"530.3553_30.3",0.15212,-2.7167,0.029952,1.5236
"319.2055_35.8",0.2966,-1.7534,0.030139,1.5209
"403.9521_83.5",2.4277,1.2796,0.030223,1.5197
"349.8922_70.5",2.1809,1.1249,0.030259,1.5191
"175.0714_76.4",2.4467,1.2909,0.030369,1.5176
"253.5129_133.5",3.1433,1.6523,0.030399,1.5171
"885.5488_40.5",0.17231,-2.5369,0.030422,1.5168
"416.9369_69.7",0.27355,-1.8701,0.030425,1.5168
"266.1584_31.2",0.33184,-1.5915,0.03072,1.5126
"417.2707_34.8",0.44356,-1.1728,0.030754,1.5121
"855.3134_65.2",0.19573,-2.353,0.03083,1.511
"134.0189_68.8",2.0886,1.0625,0.030969,1.5091
"828.7604_169.7",0.41241,-1.2778,0.031252,1.5051
"164.1168_68",6.1001,2.6088,0.031303,1.5044
"493.2657_34.1",0.44096,-1.1813,0.031781,1.4978
"358.303_26.6",0.48805,-1.0349,0.031895,1.4963
"388.2302_103.4",0.23892,-2.0654,0.032167,1.4926
"196.9835_42.2",2.4996,1.3217,0.032386,1.4896
"411.8926_71.6",2.4242,1.2775,0.032701,1.4854
"353.9553_69.5",2.2344,1.1599,0.03291,1.4827
"227.1026_40.2",12.058,3.5919,0.032953,1.4821
"194.1176_199.9",0.4394,-1.1864,0.032965,1.4819
"659.3902_27.6",0.33931,-1.5593,0.033019,1.4812
"921.8242_83.1",5.3323,2.4148,0.033209,1.4787
"389.9313_86.6",2.1118,1.0785,0.033357,1.4768
"657.4172_29.1",0.39932,-1.3244,0.033443,1.4757
"331.2843_26.6",0.42521,-1.2337,0.033672,1.4727
"158.0772_102",2.167,1.1157,0.03391,1.4697
"192.102_18.9",2.3406,1.2269,0.033987,1.4687
"960.7667_65.6",2.4724,1.3059,0.034057,1.4678
"902.98_59.6",0.20813,-2.2645,0.034124,1.4669
"342.3085_26.4",0.3988,-1.3263,0.034242,1.4654
"361.1503_80.9",0.098938,-3.3373,0.034255,1.4653
"210.0624_214.2",2.659,1.4109,0.034455,1.4627
"359.2579_32.5",0.35901,-1.4779,0.034616,1.4607
"604.4063_19.5",0.34017,-1.5557,0.034778,1.4587
"1001.6002_26.2",0.36986,-1.435,0.035157,1.454
"219.6393_277.1",0.34641,-1.5295,0.035439,1.4505
"430.2658_35.6",0.46908,-1.0921,0.035444,1.4505
"376.3421_27.3",0.46017,-1.1198,0.035645,1.448
"557.9452_27.6",0.30092,-1.7325,0.035883,1.4451
"168.0769_108",2.1715,1.1187,0.03612,1.4423
"487.8437_69.8",10.24,3.3562,0.036177,1.4416
"222.0292_125.6",2.8975,1.5348,0.036195,1.4413
"96.0637_103",2.619,1.389,0.036578,1.4368
"362.1274_71.3",3.0447,1.6063,0.036776,1.4344
"399.2599_32",4.6695,2.2233,0.037172,1.4298
"849.5228_33",0.44145,-1.1797,0.037357,1.4276
"360.2745_26.7",0.40967,-1.2875,0.03736,1.4276
"438.754_66.7",0.30603,-1.7083,0.037407,1.427
"319.9201_70.1",5.2633,2.396,0.037415,1.4269
"359.3154_27.3",0.46671,-1.0994,0.037788,1.4227
"331.1753_116.5",2.562,1.3573,0.03807,1.4194
"154.0578_131.8",5.8011,2.5363,0.038241,1.4175
"200.1085_286.6",0.34255,-1.5456,0.038263,1.4172
"277.936_69.9",2.0389,1.0278,0.038292,1.4169
"982.3214_55.2",0.49385,-1.0178,0.038325,1.4165
"478.293_33.6",0.42175,-1.2455,0.038359,1.4161
"138.0429_41.8",2.8559,1.514,0.03838,1.4159
"185.0702_122.4",2.2464,1.1676,0.038717,1.4121
"314.277_26.2",0.46748,-1.097,0.038866,1.4104
"417.2343_33.9",0.39101,-1.3547,0.039186,1.4069
"649.219_250.2",0.20516,-2.2852,0.03942,1.4043
"231.1678_30.1",0.065229,-3.9383,0.039456,1.4039
"523.2758_34.1",0.2519,-1.9891,0.039514,1.4032
"180.6029_126.4",0.42215,-1.2442,0.039937,1.3986
"305.9747_83",2.3982,1.262,0.0401,1.3969
"373.2951_26",0.48657,-1.0393,0.040401,1.3936
"202.1187_47.1",7.6065,2.9272,0.040622,1.3912
"181.1133_101.8",0.46048,-1.1188,0.041108,1.3861
"1016.064_49.4",0.33902,-1.5605,0.041223,1.3849
"742.544_53.2",0.42631,-1.23,0.041372,1.3833
"304.0322_125.8",2.5726,1.3632,0.041551,1.3814
"124.0159_278.6",2.1733,1.1199,0.041625,1.3806
"735.6564_22.7",0.061856,-4.0149,0.041725,1.3796
"231.1897_44.2",33.774,5.0778,0.0418,1.3788
"92.0592_71.5",2.0609,1.0433,0.041938,1.3774
"164.0083_112.1",2.5828,1.3689,0.041938,1.3774
"375.8952_70.1",2.3884,1.2561,0.041946,1.3773
"360.319_27.2",0.43389,-1.2046,0.042304,1.3736
"378.1487_41.8",2.1989,1.1368,0.042832,1.3682
"1058.153_51.1",2.3795,1.2507,0.043579,1.3607
"363.2153_28.1",0.22418,-2.1572,0.043684,1.3597
"718.5316_37.2",9.9894,3.3204,0.043686,1.3597
"523.9067_81.8",2.717,1.442,0.043929,1.3573
"427.9086_70.6",2.0679,1.0482,0.043972,1.3568
"121.0689_76.8",2.5812,1.368,0.044223,1.3544
"609.9311_69.1",4.5704,2.1923,0.044353,1.3531
"291.9337_70.9",2.234,1.1596,0.044489,1.3517
"435.8947_74.3",2.1244,1.0871,0.044861,1.3481
"190.138_97.4",5.2999,2.406,0.045358,1.3433
"738.4326_49.1",0.12878,-2.957,0.045361,1.3433
"541.9436_68.9",2.377,1.2491,0.045507,1.3419
"797.1127_59.8",0.43576,-1.1984,0.045539,1.3416
"232.9889_47",0.24779,-2.0128,0.045834,1.3388
"207.0143_83.2",2.5051,1.3249,0.046064,1.3366
"618.5943_55.4",0.22387,-2.1593,0.046179,1.3356
"194.6495_276.9",0.46884,-1.0928,0.046382,1.3337
"439.9502_75.1",2.3251,1.2173,0.046659,1.3311
"146.1369_38.2",7.5556,2.9175,0.0471,1.327
"379.9859_98.1",3.1212,1.6421,0.04754,1.3229
"573.4519_25.5",0.020018,-5.6426,0.047808,1.3205
"276.0844_37.4",12.748,3.6722,0.047877,1.3199
"111.0552_104.4",2.3273,1.2187,0.048288,1.3162
"191.9773_69.4",2.052,1.037,0.048631,1.3131
"410.3323_27.6",0.43977,-1.1852,0.048982,1.31
"253.977_67.2",2.2756,1.1863,0.048997,1.3098
"744.5393_53.4",0.30687,-1.7043,0.049026,1.3096
"867.012_59.2",0.10862,-3.2026,0.049599,1.3045
"924.0856_59.3",0.29021,-1.7848,0.049993,1.3011
"343.8844_71.1",3.9836,1.9941,0.05003,1.3008
"750.5427_30.8",0.34728,-1.5258,0.051155,1.2911
"244.2021_32.9",2.2629,1.1782,0.051191,1.2908
"209.6367_97.7",0.37755,-1.4053,0.051201,1.2907
"149.0564_25.9",13.97,3.8042,0.051207,1.2907
"639.9043_66.3",0.34418,-1.5388,0.051346,1.2895
"395.9187_71.3",2.7383,1.4533,0.052226,1.2821
"267.2682_26.7",0.46444,-1.1064,0.053423,1.2723
"388.0898_70",3.6561,1.8703,0.053665,1.2703
"349.2002_26.8",3.3726,1.7539,0.053783,1.2694
"90.0705_71.1",3.0407,1.6044,0.054426,1.2642
"187.6418_280.1",0.40912,-1.2894,0.055383,1.2566
"235.1189_44.5",5.9942,2.5836,0.055525,1.2555
"612.3679_26.2",0.33002,-1.5994,0.055543,1.2554
"282.0498_125.5",2.9325,1.5521,0.055545,1.2554
"181.6052_128",0.43606,-1.1974,0.055775,1.2536
"147.1453_108.5",2.1356,1.0947,0.056214,1.2502
"202.1464_271.8",0.31634,-1.6604,0.056232,1.25
"176.1112_72.7",0.23156,-2.1105,0.05634,1.2492
"341.8631_49.1",0.30647,-1.7062,0.056369,1.249
"195.1291_94.8",0.42597,-1.2312,0.056647,1.2468
"361.3221_26.3",0.46289,-1.1113,0.05672,1.2463
"466.2292_88.1",0.048527,-4.3651,0.056735,1.2461
"667.1087_87.6",5.1338,2.36,0.056894,1.2449
"304.0165_73.1",2.0501,1.0357,0.057145,1.243
"356.957_73.2",0.47916,-1.0614,0.057326,1.2416
"605.8474_68.9",3.231,1.692,0.059257,1.2273
"479.9013_69.6",2.3956,1.2604,0.059923,1.2224
"338.1821_95.8",0.35838,-1.4804,0.060629,1.2173
"643.1618_108.5",3.0906,1.6279,0.060948,1.215
"861.5468_31.5",0.31509,-1.6662,0.061147,1.2136
"389.9106_72.4",2.0691,1.049,0.061309,1.2125
"188.0352_83.1",0.091601,-3.4485,0.061695,1.2097
"263.6585_292.5",0.079509,-3.6527,0.061806,1.209
"557.3656_30.1",0.072113,-3.7936,0.062321,1.2054
"343.9466_70.8",2.1679,1.1163,0.065002,1.1871
"402.0091_125.2",2.9826,1.5766,0.065352,1.1847
"218.0788_30.5",5.0039,2.323,0.065534,1.1835
"280.1296_39.8",0.47763,-1.066,0.065806,1.1817
"391.2841_158.2",0.47271,-1.081,0.066384,1.1779
"734.5591_43.1",5.6272,2.4924,0.066476,1.1773
"477.963_98",6.3401,2.6645,0.066776,1.1754
"274.9536_68.8",0.49712,-1.0083,0.066827,1.175
"635.3394_42.8",21.802,4.4464,0.067285,1.1721
"180.1373_101.3",0.39678,-1.3336,0.067534,1.1705
"201.1475_86.7",0.46987,-1.0897,0.067776,1.1689
"367.1395_125.6",5.4848,2.4555,0.068374,1.1651
"390.3213_26.1",0.45869,-1.1244,0.068426,1.1648
"217.0666_99.7",2.3671,1.2431,0.069459,1.1583
"377.3456_26.7",0.47105,-1.086,0.06991,1.1555
"526.3609_21",4.9396,2.3044,0.070836,1.1497
"172.1081_284.4",0.48986,-1.0296,0.070866,1.1496
"251.9333_70.1",3.609,1.8516,0.070936,1.1491
"268.1404_41.9",2.2867,1.1933,0.071504,1.1457
"345.2995_26.3",0.42094,-1.2483,0.072023,1.1425
"254.0189_100.4",2.7363,1.4522,0.072264,1.1411
"280.0923_110.8",2.0614,1.0436,0.072592,1.1391
"160.1333_28",2.5109,1.3282,0.073269,1.1351
"105.1174_41.9",0.29887,-1.7424,0.073292,1.1349
"753.5258_29.9",2.8281,1.4998,0.073495,1.1337
"596.8084_59.6",0.3257,-1.6184,0.074639,1.127
"333.918_70.9",2.0286,1.0205,0.07464,1.127
"734.6507_26.4",0.37077,-1.4314,0.074818,1.126
"739.5109_29.6",0.12124,-3.0441,0.075696,1.1209
"257.1469_61.7",2.4518,1.2938,0.076089,1.1187
"254.0139_133.3",2.0293,1.021,0.076931,1.1139
"802.067_59.4",0.44829,-1.1575,0.077022,1.1134
"158.0765_48.6",0.48749,-1.0366,0.077091,1.113
"641.4601_27.9",0.10094,-3.3085,0.077778,1.1091
"704.9621_58.9",6.2279,2.6388,0.078432,1.1055
"105.0909_41.1",0.40115,-1.3178,0.078608,1.1045
"258.1506_66.1",7.3785,2.8833,0.078921,1.1028
"131.118_27.1",4.1709,2.0604,0.079101,1.1018
"285.0612_102.9",3.6117,1.8527,0.080316,1.0952
"499.9733_132.2",2.5629,1.3578,0.080381,1.0948
"195.6085_128.3",0.41994,-1.2517,0.081053,1.0912
"402.2335_32.7",0.37381,-1.4196,0.081392,1.0894
"553.9577_98.7",2.2227,1.1523,0.08155,1.0886
"402.246_100.1",0.4966,-1.0098,0.08155,1.0886
"503.2961_32.4",0.48821,-1.0344,0.081814,1.0872
"261.0303_95",4.3021,2.1051,0.082024,1.0861
"273.1212_62.6",2.2057,1.1413,0.082388,1.0841
"224.119_123.4",0.16147,-2.6306,0.082662,1.0827
"355.046_76.4",6.1677,2.6247,0.082669,1.0827
"1122.8535_107.5",3.9504,1.982,0.082905,1.0814
"369.3366_26.7",0.4794,-1.0607,0.08333,1.0792
"355.2843_27",0.48696,-1.0381,0.083648,1.0775
"793.8763_98.1",3.373,1.754,0.083681,1.0774
"701.5561_34.9",7.2446,2.8569,0.083985,1.0758
"262.1033_99.3",2.0381,1.0272,0.084078,1.0753
"646.1289_86.4",27.255,4.7685,0.084763,1.0718
"176.4761_209.6",0.49359,-1.0186,0.085046,1.0703
"455.9809_98.6",2.8449,1.5084,0.085308,1.069
"313.5655_131.8",0.31903,-1.6482,0.085371,1.0687
"269.0996_19.7",0.23587,-2.0839,0.085592,1.0676
"601.3911_36.5",0.25855,-1.9515,0.085964,1.0657
"424.2781_31.1",0.46097,-1.1172,0.086157,1.0647
"339.2889_26.6",0.44675,-1.1625,0.086419,1.0634
"868.4216_55.3",0.49856,-1.0041,0.086824,1.0614
"180.6157_98.9",0.44261,-1.1759,0.087433,1.0583
"137.5973_94.5",0.40366,-1.3088,0.088062,1.0552
"144.5516_133.6",2.5695,1.3615,0.089024,1.0505
"260.027_98.9",2.7148,1.4409,0.089366,1.0488
"183.0308_133.3",4.46,2.157,0.089878,1.0463
"147.5942_91.8",0.3322,-1.5899,0.090608,1.0428
"277.1185_34.3",0.22543,-2.1492,0.090619,1.0428
"505.3119_32.2",0.41844,-1.2569,0.09116,1.0402
"229.1006_29.8",88.188,6.4625,0.091321,1.0394
"167.0126_172.6",0.46262,-1.1121,0.092486,1.0339
"190.0713_30.4",7.3055,2.869,0.092938,1.0318
"478.6109_57.3",0.069166,-3.8538,0.094024,1.0268
"455.8956_70.1",2.2631,1.1783,0.095417,1.0204
"286.971_70.8",3.3262,1.7339,0.096816,1.0141
"207.9525_70.5",3.1041,1.6342,0.097434,1.0113
"693.5639_33.9",0.052629,-4.248,0.097888,1.0093
"461.0835_262.9",0.46485,-1.1052,0.098342,1.0073
"261.91_190.6",0.43116,-1.2137,0.099322,1.003
